{"textures":{"0":"modelengine:entity/kazk_queen"},"elements":[{"from":[7.0,8.0,7.0],"to":[9.0,25.0,9.0],"faces":{"east":{"uv":[3.1875,12.4375,3.3125,13.5],"tintindex":0,"rotation":0,"texture":"#0"},"south":{"uv":[7.1875,12.4375,7.3125,13.5],"tintindex":0,"rotation":0,"texture":"#0"},"north":{"uv":[3.25,10.3125,3.375,11.375],"tintindex":0,"rotation":0,"texture":"#0"},"west":{"uv":[6.25,13.4375,6.375,14.5],"tintindex":0,"rotation":0,"texture":"#0"},"up":{"uv":[3.875,4.75,3.75,4.625],"tintindex":0,"rotation":0,"texture":"#0"},"down":{"uv":[3.875,4.75,3.75,4.875],"tintindex":0,"rotation":0,"texture":"#0"}}}],"display":{"gui":{"rotation":[30,225,0]}}}