{"textures":{"0":"modelengine:entity/kazk_queen"},"elements":[{"from":[8.249,-8.862923,13.014305],"to":[8.249,9.137077,25.014305],"faces":{"east":{"uv":[13.125,3.9375,12.375,5.0625],"tintindex":0,"rotation":0,"texture":"#0"},"west":{"uv":[12.375,3.9375,13.125,5.0625],"tintindex":0,"rotation":0,"texture":"#0"}},"rotation":{"origin":[8.5,7.0,8.0],"angle":22.5,"axis":"x"}},{"from":[-5.75,-14.944489,-4.5495634],"to":[22.25,8.055511,13.450437],"faces":{"east":{"uv":[9.9375,9.5625,8.8125,11.0],"tintindex":0,"rotation":0,"texture":"#0"},"south":{"uv":[7.5,6.4375,9.25,7.875],"tintindex":0,"rotation":0,"texture":"#0"},"north":{"uv":[7.125,5.0,8.875,6.4375],"tintindex":0,"rotation":0,"texture":"#0"},"west":{"uv":[8.8125,9.5625,9.9375,11.0],"tintindex":0,"rotation":0,"texture":"#0"},"up":{"uv":[3.375,9.1875,1.625,8.0625],"tintindex":0,"rotation":0,"texture":"#0"},"down":{"uv":[1.625,8.0625,3.375,9.1875],"tintindex":0,"rotation":0,"texture":"#0"}}},{"from":[4.151163,-6.9444885,-14.182386],"to":[11.151163,0.055511475,-4.1823864],"faces":{"east":{"uv":[13.5625,5.0,14.1875,5.4375],"tintindex":0,"rotation":0,"texture":"#0"},"south":{"uv":[13.625,7.8125,14.0625,8.25],"tintindex":0,"rotation":0,"texture":"#0"},"north":{"uv":[8.0,10.5625,8.4375,11.0],"tintindex":0,"rotation":0,"texture":"#0"},"west":{"uv":[13.5625,5.4375,14.1875,5.875],"tintindex":0,"rotation":0,"texture":"#0"},"up":{"uv":[3.0625,14.25,2.625,13.625],"tintindex":0,"rotation":0,"texture":"#0"},"down":{"uv":[14.0625,6.75,13.625,7.375],"tintindex":0,"rotation":0,"texture":"#0"}},"rotation":{"origin":[8.5,8.0,8.0],"angle":45.0,"axis":"y"}},{"from":[-12.75,-14.944489,4.4504366],"to":[-5.75,8.055511,4.4504366],"faces":{"south":{"uv":[13.0625,9.5,13.5,10.9375],"tintindex":0,"rotation":0,"texture":"#0"},"north":{"uv":[13.5,9.5,13.0625,10.9375],"tintindex":0,"rotation":0,"texture":"#0"}}},{"from":[5.348837,-6.9444885,-14.182386],"to":[12.348837,0.055511475,-4.1823864],"faces":{"east":{"uv":[14.1875,5.4375,13.5625,5.875],"tintindex":0,"rotation":0,"texture":"#0"},"south":{"uv":[14.0625,7.8125,13.625,8.25],"tintindex":0,"rotation":0,"texture":"#0"},"north":{"uv":[8.4375,10.5625,8.0,11.0],"tintindex":0,"rotation":0,"texture":"#0"},"west":{"uv":[14.1875,5.0,13.5625,5.4375],"tintindex":0,"rotation":0,"texture":"#0"},"up":{"uv":[2.625,14.25,3.0625,13.625],"tintindex":0,"rotation":0,"texture":"#0"},"down":{"uv":[13.625,6.75,14.0625,7.375],"tintindex":0,"rotation":0,"texture":"#0"}},"rotation":{"origin":[8.0,8.0,8.0],"angle":-45.0,"axis":"y"}},{"from":[22.25,-14.944489,4.4504366],"to":[29.25,8.055511,4.4504366],"faces":{"south":{"uv":[13.5,9.5,13.0625,10.9375],"tintindex":0,"rotation":0,"texture":"#0"},"north":{"uv":[13.0625,9.5,13.5,10.9375],"tintindex":0,"rotation":0,"texture":"#0"}}}],"display":{"gui":{"rotation":[30,225,0]}}}