{"textures":{"0":"modelengine:entity/kazk_queen"},"elements":[{"from":[8.1245,-1.4314632,11.507153],"to":[8.1245,7.5685368,17.507153],"faces":{"east":{"uv":[0.75,12.4375,0.0,13.5625],"tintindex":0,"rotation":0,"texture":"#0"},"west":{"uv":[0.0,12.4375,0.75,13.5625],"tintindex":0,"rotation":0,"texture":"#0"}},"rotation":{"origin":[8.25,6.5,9.0],"angle":22.5,"axis":"x"}},{"from":[16.625,-5.972246,7.225219],"to":[20.125,8.027754,7.225219],"faces":{"south":{"uv":[2.625,12.4375,2.1875,14.1875],"tintindex":0,"rotation":0,"texture":"#0"},"north":{"uv":[2.1875,12.4375,2.625,14.1875],"tintindex":0,"rotation":0,"texture":"#0"}}},{"from":[-0.375,-5.972246,1.2252188],"to":[16.625,8.027754,11.725219],"faces":{"east":{"uv":[8.8125,7.875,7.5,9.625],"tintindex":0,"rotation":0,"texture":"#0"},"south":{"uv":[3.875,1.75,6.0,3.5],"tintindex":0,"rotation":0,"texture":"#0"},"north":{"uv":[6.0,0.0,3.875,1.75],"tintindex":0,"rotation":0,"texture":"#0"},"west":{"uv":[7.5,7.875,8.8125,9.625],"tintindex":0,"rotation":0,"texture":"#0"},"up":{"uv":[2.125,8.0625,4.25,6.75],"tintindex":0,"rotation":0,"texture":"#0"},"down":{"uv":[4.25,6.75,2.125,8.0625],"tintindex":0,"rotation":0,"texture":"#0"}}},{"from":[-3.875,-5.972246,7.225219],"to":[-0.375,8.027754,7.225219],"faces":{"south":{"uv":[2.1875,12.4375,2.625,14.1875],"tintindex":0,"rotation":0,"texture":"#0"},"north":{"uv":[2.625,12.4375,2.1875,14.1875],"tintindex":0,"rotation":0,"texture":"#0"}}}],"display":{"gui":{"rotation":[30,225,0]}}}