{"textures":{"0":"modelengine:entity/kazk_queen"},"elements":[{"from":[8.0,-9.5,8.25],"to":[8.0,3.5,12.75],"faces":{"east":{"uv":[7.875,12.0,8.4375,13.625],"tintindex":0,"rotation":0,"texture":"#0"},"west":{"uv":[8.4375,12.0,7.875,13.625],"tintindex":0,"rotation":0,"texture":"#0"}},"rotation":{"origin":[8.0,-3.0,10.5],"angle":-22.5,"axis":"x"}},{"from":[7.5,2.1441784,5.9338284],"to":[8.5,8.644178,10.433828],"faces":{"east":{"uv":[13.375,12.3125,13.9375,13.125],"tintindex":0,"rotation":0,"texture":"#0"},"south":{"uv":[5.0,13.9375,4.875,14.75],"tintindex":0,"rotation":0,"texture":"#0"},"north":{"uv":[4.875,13.9375,4.75,14.75],"tintindex":0,"rotation":0,"texture":"#0"},"west":{"uv":[13.9375,12.3125,13.375,13.125],"tintindex":0,"rotation":0,"texture":"#0"},"up":{"uv":[3.25,11.9375,3.375,11.375],"tintindex":0,"rotation":0,"texture":"#0"},"down":{"uv":[10.9375,11.625,11.0625,12.1875],"tintindex":0,"rotation":0,"texture":"#0"}}}],"display":{"gui":{"rotation":[30,225,0]}}}