{"textures":{"0":"modelengine:entity/kazk_queen"},"elements":[{"from":[4.0,-14.0,3.0],"to":[10.0,12.0,12.0],"faces":{"east":{"uv":[10.0,11.625,10.5625,13.25],"tintindex":0,"rotation":0,"texture":"#0"},"south":{"uv":[11.4375,13.0625,11.8125,14.6875],"tintindex":0,"rotation":0,"texture":"#0"},"north":{"uv":[3.875,12.25,4.25,13.875],"tintindex":0,"rotation":0,"texture":"#0"},"west":{"uv":[7.3125,12.0,7.875,13.625],"tintindex":0,"rotation":0,"texture":"#0"},"up":{"uv":[10.9375,12.1875,10.5625,11.625],"tintindex":0,"rotation":0,"texture":"#0"},"down":{"uv":[14.0,8.5,13.625,9.0625],"tintindex":0,"rotation":0,"texture":"#0"}}},{"from":[6.0,-7.0,12.0],"to":[6.0,12.0,21.0],"faces":{"east":{"uv":[13.125,12.25,12.5625,13.4375],"tintindex":0,"rotation":0,"texture":"#0"},"west":{"uv":[12.5625,12.25,13.125,13.4375],"tintindex":0,"rotation":0,"texture":"#0"}}}],"display":{"gui":{"rotation":[30,225,0]}}}