{"textures":{"0":"modelengine:entity/kazk_queen"},"elements":[{"from":[6.0,-14.0,3.0],"to":[12.0,12.0,12.0],"faces":{"east":{"uv":[7.875,12.0,7.3125,13.625],"tintindex":0,"rotation":0,"texture":"#0"},"south":{"uv":[11.8125,13.0625,11.4375,14.6875],"tintindex":0,"rotation":0,"texture":"#0"},"north":{"uv":[4.25,12.25,3.875,13.875],"tintindex":0,"rotation":0,"texture":"#0"},"west":{"uv":[10.5625,11.625,10.0,13.25],"tintindex":0,"rotation":0,"texture":"#0"},"up":{"uv":[10.5625,12.1875,10.9375,11.625],"tintindex":0,"rotation":0,"texture":"#0"},"down":{"uv":[13.625,8.5,14.0,9.0625],"tintindex":0,"rotation":0,"texture":"#0"}}},{"from":[10.0,-7.0,12.0],"to":[10.0,12.0,21.0],"faces":{"east":{"uv":[13.125,12.25,12.5625,13.4375],"tintindex":0,"rotation":0,"texture":"#0"},"west":{"uv":[12.5625,12.25,13.125,13.4375],"tintindex":0,"rotation":0,"texture":"#0"}}}],"display":{"gui":{"rotation":[30,225,0]}}}