{"textures":{"0":"modelengine:entity/kazk_queen"},"elements":[{"from":[7.0,4.6441803,-9.066172],"to":[9.0,8.14418,8.933828],"faces":{"east":{"uv":[1.0625,12.0,3.3125,12.4375],"tintindex":0,"rotation":0,"texture":"#0"},"south":{"uv":[4.5,13.9375,4.75,14.375],"tintindex":0,"rotation":0,"texture":"#0"},"north":{"uv":[4.25,13.9375,4.5,14.375],"tintindex":0,"rotation":0,"texture":"#0"},"west":{"uv":[3.3125,12.0,1.0625,12.4375],"tintindex":0,"rotation":0,"texture":"#0"},"up":{"uv":[13.375,14.5,13.125,12.25],"tintindex":0,"rotation":0,"texture":"#0"},"down":{"uv":[10.25,13.25,10.0,15.5],"tintindex":0,"rotation":0,"texture":"#0"}}},{"from":[8.0,1.1441803,-4.0661716],"to":[8.0,4.6441803,8.933828],"faces":{"east":{"uv":[13.8125,9.0625,12.1875,9.5],"tintindex":0,"rotation":0,"texture":"#0"},"west":{"uv":[12.1875,9.0625,13.8125,9.5],"tintindex":0,"rotation":0,"texture":"#0"}}}],"display":{"gui":{"rotation":[30,225,0]}}}