{"textures":{"0":"modelengine:entity/kazk_queen"},"elements":[{"from":[0.5,8.0,-2.75],"to":[15.5,20.5,10.25],"faces":{"east":{"uv":[7.5,6.75,5.875,8.3125],"tintindex":0,"rotation":0,"texture":"#0"},"south":{"uv":[6.0,1.5625,7.875,3.125],"tintindex":0,"rotation":0,"texture":"#0"},"north":{"uv":[6.0,0.0,7.875,1.5625],"tintindex":0,"rotation":0,"texture":"#0"},"west":{"uv":[5.875,6.75,7.5,8.3125],"tintindex":0,"rotation":0,"texture":"#0"},"up":{"uv":[1.875,6.25,0.0,4.625],"tintindex":0,"rotation":0,"texture":"#0"},"down":{"uv":[3.75,4.625,1.875,6.25],"tintindex":0,"rotation":0,"texture":"#0"}}},{"from":[8.0,8.0,10.25],"to":[8.0,20.5,14.25],"faces":{"east":{"uv":[0.75,12.4375,1.25,14.0],"tintindex":0,"rotation":0,"texture":"#0"},"west":{"uv":[1.25,12.4375,0.75,14.0],"tintindex":0,"rotation":0,"texture":"#0"}}}],"display":{"gui":{"rotation":[30,225,0]}}}