{"textures":{"0":"modelengine:entity/kazk_queen"},"elements":[{"from":[2.9,7.9000015,-4.0999985],"to":[13.1,17.099998,18.099998],"faces":{"east":{"uv":[14.625,0.0,16.0,0.5625],"tintindex":0,"rotation":0,"texture":"#0"},"south":{"uv":[15.375,2.5,16.0,3.0625],"tintindex":0,"rotation":0,"texture":"#0"},"north":{"uv":[15.375,1.9375,16.0,2.5],"tintindex":0,"rotation":0,"texture":"#0"},"west":{"uv":[16.0,0.0,14.625,0.5625],"tintindex":0,"rotation":0,"texture":"#0"},"up":{"uv":[16.0,4.4375,15.375,3.0625],"tintindex":0,"rotation":0,"texture":"#0"},"down":{"uv":[16.0,0.5625,15.375,1.9375],"tintindex":0,"rotation":0,"texture":"#0"}}}],"display":{"gui":{"rotation":[30,225,0]}}}