{"textures":{"0":"modelengine:entity/kazk_queen"},"elements":[{"from":[10.0,6.5,3.0],"to":[12.5,9.5,6.0],"faces":{"east":{"uv":[3.6875,13.75,3.3125,14.125],"tintindex":0,"rotation":0,"texture":"#0"},"south":{"uv":[14.0625,11.9375,13.75,12.3125],"tintindex":0,"rotation":0,"texture":"#0"},"north":{"uv":[14.0625,11.5625,13.75,11.9375],"tintindex":0,"rotation":0,"texture":"#0"},"west":{"uv":[14.125,2.875,13.75,3.25],"tintindex":0,"rotation":0,"texture":"#0"},"up":{"uv":[13.8125,9.4375,14.125,9.0625],"tintindex":0,"rotation":0,"texture":"#0"},"down":{"uv":[3.9375,13.875,4.25,14.25],"tintindex":0,"rotation":0,"texture":"#0"}}},{"from":[-5.5,8.0,4.0],"to":[8.0,12.0,11.0],"faces":{"east":{"uv":[13.1875,3.4375,14.0625,3.9375],"tintindex":0,"rotation":0,"texture":"#0"},"south":{"uv":[8.8125,9.0625,10.5,9.5625],"tintindex":0,"rotation":0,"texture":"#0"},"north":{"uv":[10.5625,5.5,12.25,6.0],"tintindex":0,"rotation":0,"texture":"#0"},"west":{"uv":[4.25,13.4375,5.125,13.9375],"tintindex":0,"rotation":0,"texture":"#0"},"up":{"uv":[5.4375,5.875,3.75,5.0],"tintindex":0,"rotation":0,"texture":"#0"},"down":{"uv":[5.4375,5.875,3.75,6.75],"tintindex":0,"rotation":0,"texture":"#0"}}},{"from":[8.0,8.0,4.0],"to":[21.5,12.0,11.0],"faces":{"east":{"uv":[5.125,13.4375,4.25,13.9375],"tintindex":0,"rotation":0,"texture":"#0"},"south":{"uv":[10.5,9.0625,8.8125,9.5625],"tintindex":0,"rotation":0,"texture":"#0"},"north":{"uv":[12.25,5.5,10.5625,6.0],"tintindex":0,"rotation":0,"texture":"#0"},"west":{"uv":[14.0625,3.4375,13.1875,3.9375],"tintindex":0,"rotation":0,"texture":"#0"},"up":{"uv":[3.75,5.875,5.4375,5.0],"tintindex":0,"rotation":0,"texture":"#0"},"down":{"uv":[3.75,5.875,5.4375,6.75],"tintindex":0,"rotation":0,"texture":"#0"}}},{"from":[16.586784,9.0,3.0227013],"to":[23.086784,11.0,10.022701],"faces":{"east":{"uv":[13.8125,2.625,12.9375,2.875],"tintindex":0,"rotation":0,"texture":"#0"},"south":{"uv":[14.375,5.875,13.5625,6.125],"tintindex":0,"rotation":0,"texture":"#0"},"north":{"uv":[14.3125,10.6875,13.5,10.9375],"tintindex":0,"rotation":0,"texture":"#0"},"west":{"uv":[6.875,11.6875,6.0,11.9375],"tintindex":0,"rotation":0,"texture":"#0"},"up":{"uv":[6.375,13.3125,7.1875,12.4375],"tintindex":0,"rotation":0,"texture":"#0"},"down":{"uv":[12.5625,11.375,13.375,12.25],"tintindex":0,"rotation":0,"texture":"#0"}},"rotation":{"origin":[19.836784,10.0,6.5227013],"angle":-22.5,"axis":"y"}},{"from":[10.5,7.5,-3.0],"to":[10.5,9.0,2.5],"faces":{"east":{"uv":[10.3125,5.3125,11.0,5.5],"tintindex":0,"rotation":0,"texture":"#0"},"west":{"uv":[11.0,5.3125,10.3125,5.5],"tintindex":0,"rotation":0,"texture":"#0"}}},{"from":[17.0,12.0,5.0],"to":[21.0,15.0,5.0],"faces":{"south":{"uv":[7.875,3.125,7.375,3.5],"tintindex":0,"rotation":0,"texture":"#0"},"north":{"uv":[7.375,3.125,7.875,3.5],"tintindex":0,"rotation":0,"texture":"#0"}},"rotation":{"origin":[19.0,13.5,5.0],"angle":22.5,"axis":"y"}},{"from":[5.5,5.633209,-2.3303032],"to":[10.5,9.133209,-2.3303032],"faces":{"south":{"uv":[13.5,10.25,14.125,10.6875],"tintindex":0,"rotation":0,"texture":"#0"},"north":{"uv":[13.5,2.1875,14.125,2.625],"tintindex":0,"rotation":0,"texture":"#0"}},"rotation":{"origin":[8.0,7.383209,-2.3303032],"angle":-22.5,"axis":"x"}},{"from":[-5.5,12.669235,10.86698],"to":[21.5,12.669235,14.36698],"faces":{"up":{"uv":[13.1875,3.9375,9.8125,3.5],"tintindex":0,"rotation":0,"texture":"#0"},"down":{"uv":[9.8125,3.5,13.1875,3.9375],"tintindex":0,"rotation":0,"texture":"#0"}},"rotation":{"origin":[8.0,12.669235,12.61698],"angle":-22.5,"axis":"x"}},{"from":[-7.0867834,10.0,-10.477299],"to":[-0.5867834,10.0,3.0227013],"faces":{"up":{"uv":[3.25,12.0,2.4375,10.3125],"tintindex":0,"rotation":0,"texture":"#0"},"down":{"uv":[3.25,10.3125,2.4375,12.0],"tintindex":0,"rotation":0,"texture":"#0"}},"rotation":{"origin":[-3.8367834,10.0,6.5227013],"angle":22.5,"axis":"y"}},{"from":[5.5,7.5,-3.0],"to":[5.5,9.0,2.5],"faces":{"east":{"uv":[10.3125,5.3125,11.0,5.5],"tintindex":0,"rotation":0,"texture":"#0"},"west":{"uv":[11.0,5.3125,10.3125,5.5],"tintindex":0,"rotation":0,"texture":"#0"}}},{"from":[11.5,12.0,7.5],"to":[15.0,15.0,7.5],"faces":{"south":{"uv":[14.125,0.875,13.6875,1.25],"tintindex":0,"rotation":0,"texture":"#0"},"north":{"uv":[13.6875,0.875,14.125,1.25],"tintindex":0,"rotation":0,"texture":"#0"}},"rotation":{"origin":[13.25,13.5,7.5],"angle":-45.0,"axis":"y"}},{"from":[1.0,12.0,4.5],"to":[4.5,15.0,4.5],"faces":{"south":{"uv":[13.6875,0.875,14.125,1.25],"tintindex":0,"rotation":0,"texture":"#0"},"north":{"uv":[14.125,0.875,13.6875,1.25],"tintindex":0,"rotation":0,"texture":"#0"}},"rotation":{"origin":[2.75,12.0,4.5],"angle":22.5,"axis":"x"}},{"from":[-3.0,12.0,8.0],"to":[1.0,15.0,8.0],"faces":{"south":{"uv":[7.875,3.125,7.375,3.5],"tintindex":0,"rotation":0,"texture":"#0"},"north":{"uv":[7.375,3.125,7.875,3.5],"tintindex":0,"rotation":0,"texture":"#0"}},"rotation":{"origin":[-1.0,13.5,8.0],"angle":45.0,"axis":"y"}},{"from":[-7.0867834,9.0,3.0227013],"to":[-0.5867834,11.0,10.022701],"faces":{"east":{"uv":[6.0,11.6875,6.875,11.9375],"tintindex":0,"rotation":0,"texture":"#0"},"south":{"uv":[13.5625,5.875,14.375,6.125],"tintindex":0,"rotation":0,"texture":"#0"},"north":{"uv":[13.5,10.6875,14.3125,10.9375],"tintindex":0,"rotation":0,"texture":"#0"},"west":{"uv":[12.9375,2.625,13.8125,2.875],"tintindex":0,"rotation":0,"texture":"#0"},"up":{"uv":[7.1875,13.3125,6.375,12.4375],"tintindex":0,"rotation":0,"texture":"#0"},"down":{"uv":[13.375,11.375,12.5625,12.25],"tintindex":0,"rotation":0,"texture":"#0"}},"rotation":{"origin":[-3.8367834,10.0,6.5227013],"angle":22.5,"axis":"y"}},{"from":[5.5,9.0,-3.0],"to":[10.5,13.5,8.0],"faces":{"east":{"uv":[12.375,2.875,13.75,3.4375],"tintindex":0,"rotation":0,"texture":"#0"},"south":{"uv":[9.25,11.0,9.875,11.5625],"tintindex":0,"rotation":0,"texture":"#0"},"north":{"uv":[8.0625,4.3125,8.6875,4.875],"tintindex":0,"rotation":0,"texture":"#0"},"west":{"uv":[13.75,2.875,12.375,3.4375],"tintindex":0,"rotation":0,"texture":"#0"},"up":{"uv":[4.875,13.4375,4.25,12.0625],"tintindex":0,"rotation":0,"texture":"#0"},"down":{"uv":[12.875,0.0,12.25,1.375],"tintindex":0,"rotation":0,"texture":"#0"}}},{"from":[3.5,6.5,3.0],"to":[6.0,9.5,6.0],"faces":{"east":{"uv":[13.75,2.875,14.125,3.25],"tintindex":0,"rotation":0,"texture":"#0"},"south":{"uv":[13.75,11.9375,14.0625,12.3125],"tintindex":0,"rotation":0,"texture":"#0"},"north":{"uv":[13.75,11.5625,14.0625,11.9375],"tintindex":0,"rotation":0,"texture":"#0"},"west":{"uv":[3.3125,13.75,3.6875,14.125],"tintindex":0,"rotation":0,"texture":"#0"},"up":{"uv":[14.125,9.4375,13.8125,9.0625],"tintindex":0,"rotation":0,"texture":"#0"},"down":{"uv":[4.25,13.875,3.9375,14.25],"tintindex":0,"rotation":0,"texture":"#0"}}},{"from":[16.586784,10.0,-10.477299],"to":[23.086784,10.0,3.0227013],"faces":{"up":{"uv":[2.4375,12.0,3.25,10.3125],"tintindex":0,"rotation":0,"texture":"#0"},"down":{"uv":[2.4375,10.3125,3.25,12.0],"tintindex":0,"rotation":0,"texture":"#0"}},"rotation":{"origin":[19.836784,10.0,6.5227013],"angle":-22.5,"axis":"y"}}],"display":{"gui":{"rotation":[30,225,0]}}}