{"textures":{"0":"modelengine:entity/kazk_queen"},"elements":[{"from":[5.0,8.0,-12.0],"to":[5.0,14.0,2.0],"faces":{"east":{"uv":[14.375,1.8125,13.5,2.1875],"tintindex":0,"rotation":0,"texture":"#0"},"west":{"uv":[13.5,1.8125,14.375,2.1875],"tintindex":0,"rotation":0,"texture":"#0"}}},{"from":[5.0,8.0,7.0],"to":[11.0,13.0,10.0],"faces":{"east":{"uv":[7.875,3.1875,8.0625,3.5],"tintindex":0,"rotation":0,"texture":"#0"},"south":{"uv":[9.1875,2.875,9.5625,3.1875],"tintindex":0,"rotation":0,"texture":"#0"},"north":{"uv":[7.125,6.4375,7.5,6.75],"tintindex":0,"rotation":0,"texture":"#0"},"west":{"uv":[9.5625,2.875,9.75,3.1875],"tintindex":0,"rotation":0,"texture":"#0"},"up":{"uv":[6.375,10.5625,6.0,10.375],"tintindex":0,"rotation":0,"texture":"#0"},"down":{"uv":[6.75,10.375,6.375,10.5625],"tintindex":0,"rotation":0,"texture":"#0"}}},{"from":[5.0,4.0,-12.0],"to":[11.0,8.0,10.0],"faces":{"east":{"uv":[6.0,3.125,7.375,3.375],"tintindex":0,"rotation":0,"texture":"#0"},"south":{"uv":[11.9375,10.25,12.3125,10.5],"tintindex":0,"rotation":0,"texture":"#0"},"north":{"uv":[11.5625,10.25,11.9375,10.5],"tintindex":0,"rotation":0,"texture":"#0"},"west":{"uv":[7.375,3.125,6.0,3.375],"tintindex":0,"rotation":0,"texture":"#0"},"up":{"uv":[8.8125,11.0,8.4375,9.625],"tintindex":0,"rotation":0,"texture":"#0"},"down":{"uv":[13.75,10.9375,13.375,12.3125],"tintindex":0,"rotation":0,"texture":"#0"}}},{"from":[5.0,8.0,-12.0],"to":[11.0,15.0,-12.0],"faces":{"south":{"uv":[8.875,6.0,9.25,6.4375],"tintindex":0,"rotation":0,"texture":"#0"},"north":{"uv":[8.875,6.0,9.25,6.4375],"tintindex":0,"rotation":0,"texture":"#0"}}},{"from":[11.0,8.0,-12.0],"to":[11.0,14.0,2.0],"faces":{"east":{"uv":[14.375,1.8125,13.5,2.1875],"tintindex":0,"rotation":0,"texture":"#0"},"west":{"uv":[13.5,1.8125,14.375,2.1875],"tintindex":0,"rotation":0,"texture":"#0"}}}],"display":{"gui":{"rotation":[30,225,0]}}}