{"textures":{"0":"modelengine:entity/kazk_queen"},"elements":[{"from":[-5.0,6.5,-15.5],"to":[-5.0,17.5,7.5],"faces":{"east":{"uv":[12.9375,2.1875,11.5,2.875],"tintindex":0,"rotation":0,"texture":"#0"},"west":{"uv":[11.5,2.1875,12.9375,2.875],"tintindex":0,"rotation":0,"texture":"#0"}},"rotation":{"origin":[-5.0,12.0,-4.0],"angle":45.0,"axis":"z"}},{"from":[-1.1109123,-9.889084,-15.5],"to":[16.889088,8.110916,7.5],"faces":{"east":{"uv":[2.875,9.1875,1.4375,10.3125],"tintindex":0,"rotation":0,"texture":"#0"},"south":{"uv":[6.0,10.5625,7.125,11.6875],"tintindex":0,"rotation":0,"texture":"#0"},"north":{"uv":[9.9375,10.5,11.0625,11.625],"tintindex":0,"rotation":0,"texture":"#0"},"west":{"uv":[1.4375,9.1875,2.875,10.3125],"tintindex":0,"rotation":0,"texture":"#0"},"up":{"uv":[10.3125,2.875,9.1875,1.4375],"tintindex":0,"rotation":0,"texture":"#0"},"down":{"uv":[10.375,6.0,9.25,7.4375],"tintindex":0,"rotation":0,"texture":"#0"}}},{"from":[20.778175,6.5,-15.5],"to":[20.778175,17.5,7.5],"faces":{"east":{"uv":[12.9375,2.1875,11.5,2.875],"tintindex":0,"rotation":0,"texture":"#0"},"west":{"uv":[11.5,2.1875,12.9375,2.875],"tintindex":0,"rotation":0,"texture":"#0"}},"rotation":{"origin":[20.778175,12.0,-4.0],"angle":-45.0,"axis":"z"}}],"display":{"gui":{"rotation":[30,225,0]}}}