{"textures":{"0":"modelengine:entity/kazk_queen"},"elements":[{"from":[2.0,-8.0,-12.0],"to":[14.0,8.0,8.0],"faces":{"east":{"uv":[12.3125,10.5,11.0625,11.5],"tintindex":0,"rotation":0,"texture":"#0"},"south":{"uv":[5.625,12.4375,6.375,13.4375],"tintindex":0,"rotation":0,"texture":"#0"},"north":{"uv":[4.875,12.4375,5.625,13.4375],"tintindex":0,"rotation":0,"texture":"#0"},"west":{"uv":[11.0625,10.5,12.3125,11.5],"tintindex":0,"rotation":0,"texture":"#0"},"up":{"uv":[7.5,9.5625,6.75,8.3125],"tintindex":0,"rotation":0,"texture":"#0"},"down":{"uv":[10.0,11.625,9.25,12.875],"tintindex":0,"rotation":0,"texture":"#0"}}}],"display":{"gui":{"rotation":[30,225,0]}}}