{"textures":{"0":"modelengine:entity/kazk_queen"},"elements":[{"from":[4.0,-11.0,7.5],"to":[13.5,-1.0,7.5],"faces":{"south":{"uv":[11.5,1.4375,10.3125,2.6875],"tintindex":0,"rotation":0,"texture":"#0"},"north":{"uv":[10.3125,1.4375,11.5,2.6875],"tintindex":0,"rotation":0,"texture":"#0"}},"rotation":{"origin":[13.5,-1.0,4.0],"angle":-22.5,"axis":"z"}},{"from":[6.5,-1.0,6.0],"to":[13.5,10.5,9.5],"faces":{"east":{"uv":[11.4375,13.0625,11.0,14.5],"tintindex":0,"rotation":0,"texture":"#0"},"south":{"uv":[11.5,0.0,10.625,1.4375],"tintindex":0,"rotation":0,"texture":"#0"},"north":{"uv":[8.0,10.5625,7.125,12.0],"tintindex":0,"rotation":0,"texture":"#0"},"west":{"uv":[11.0,13.0625,10.5625,14.5],"tintindex":0,"rotation":0,"texture":"#0"},"up":{"uv":[9.25,7.875,10.125,7.4375],"tintindex":0,"rotation":0,"texture":"#0"},"down":{"uv":[1.0625,11.5625,1.9375,12.0],"tintindex":0,"rotation":0,"texture":"#0"}}},{"from":[13.5,-1.0,7.5],"to":[16.5,10.5,7.5],"faces":{"south":{"uv":[6.375,13.3125,6.75,14.75],"tintindex":0,"rotation":0,"texture":"#0"},"north":{"uv":[6.75,13.3125,6.375,14.75],"tintindex":0,"rotation":0,"texture":"#0"}}}],"display":{"gui":{"rotation":[30,225,0]}}}