{"textures":{"0":"modelengine:entity/kazk_queen"},"elements":[{"from":[2.5,-11.0,7.5],"to":[12.0,-1.0,7.5],"faces":{"south":{"uv":[10.3125,1.4375,11.5,2.6875],"tintindex":0,"rotation":0,"texture":"#0"},"north":{"uv":[11.5,1.4375,10.3125,2.6875],"tintindex":0,"rotation":0,"texture":"#0"}},"rotation":{"origin":[2.5,-1.0,4.0],"angle":22.5,"axis":"z"}},{"from":[-0.5,-1.0,7.5],"to":[2.5,10.5,7.5],"faces":{"south":{"uv":[6.75,13.3125,6.375,14.75],"tintindex":0,"rotation":0,"texture":"#0"},"north":{"uv":[6.375,13.3125,6.75,14.75],"tintindex":0,"rotation":0,"texture":"#0"}}},{"from":[2.5,-1.0,6.0],"to":[9.5,10.5,9.5],"faces":{"east":{"uv":[10.5625,13.0625,11.0,14.5],"tintindex":0,"rotation":0,"texture":"#0"},"south":{"uv":[10.625,0.0,11.5,1.4375],"tintindex":0,"rotation":0,"texture":"#0"},"north":{"uv":[7.125,10.5625,8.0,12.0],"tintindex":0,"rotation":0,"texture":"#0"},"west":{"uv":[11.0,13.0625,11.4375,14.5],"tintindex":0,"rotation":0,"texture":"#0"},"up":{"uv":[10.125,7.875,9.25,7.4375],"tintindex":0,"rotation":0,"texture":"#0"},"down":{"uv":[1.9375,11.5625,1.0625,12.0],"tintindex":0,"rotation":0,"texture":"#0"}}}],"display":{"gui":{"rotation":[30,225,0]}}}