{"textures":{"0":"modelengine:entity/kazk_queen"},"elements":[{"from":[-6.0,-15.0,-1.0],"to":[20.0,8.0,14.0],"faces":{"east":{"uv":[11.3125,6.0,10.375,7.4375],"tintindex":0,"rotation":0,"texture":"#0"},"south":{"uv":[7.875,0.0,9.5,1.4375],"tintindex":0,"rotation":0,"texture":"#0"},"north":{"uv":[0.0,7.5625,1.625,9.0],"tintindex":0,"rotation":0,"texture":"#0"},"west":{"uv":[10.375,6.0,11.3125,7.4375],"tintindex":0,"rotation":0,"texture":"#0"},"up":{"uv":[8.4375,10.5625,6.8125,9.625],"tintindex":0,"rotation":0,"texture":"#0"},"down":{"uv":[11.5625,9.5625,9.9375,10.5],"tintindex":0,"rotation":0,"texture":"#0"}}},{"from":[7.0,-15.0,14.0],"to":[7.0,8.0,20.0],"faces":{"east":{"uv":[13.6875,0.0,13.3125,1.4375],"tintindex":0,"rotation":0,"texture":"#0"},"west":{"uv":[13.3125,0.0,13.6875,1.4375],"tintindex":0,"rotation":0,"texture":"#0"}}}],"display":{"gui":{"rotation":[30,225,0]}}}