{"textures":{"0":"modelengine:entity/kazk_queen"},"elements":[{"from":[7.5,5.0,6.75],"to":[8.75,8.5,10.75],"faces":{"east":{"uv":[10.5625,12.1875,11.5625,13.0625],"tintindex":0,"rotation":0,"texture":"#0"},"south":{"uv":[0.3125,13.5625,0.625,14.4375],"tintindex":0,"rotation":0,"texture":"#0"},"north":{"uv":[0.0,13.5625,0.3125,14.4375],"tintindex":0,"rotation":0,"texture":"#0"},"west":{"uv":[11.5625,12.1875,12.5625,13.0625],"tintindex":0,"rotation":0,"texture":"#0"},"up":{"uv":[10.5625,14.25,10.25,13.25],"tintindex":0,"rotation":0,"texture":"#0"},"down":{"uv":[13.125,13.4375,12.8125,14.4375],"tintindex":0,"rotation":0,"texture":"#0"}}},{"from":[8.0,-13.5,6.75],"to":[8.0,5.0,14.5],"faces":{"east":{"uv":[0.0,0.0,1.9375,4.625],"tintindex":0,"rotation":0,"texture":"#0"},"west":{"uv":[1.9375,0.0,0.0,4.625],"tintindex":0,"rotation":0,"texture":"#0"}}}],"display":{"gui":{"rotation":[30,225,0]}}}