{"textures":{"0":"modelengine:entity/kazk_queen"},"elements":[{"from":[8.0,0.6666665,-9.333334],"to":[8.0,4.0,4.333333],"faces":{"east":{"uv":[12.375,2.875,9.8125,3.5],"tintindex":0,"rotation":0,"texture":"#0"},"west":{"uv":[9.8125,2.875,12.375,3.5],"tintindex":0,"rotation":0,"texture":"#0"}}},{"from":[7.0,4.0,-14.0],"to":[9.333333,8.0,8.333333],"faces":{"east":{"uv":[8.0625,4.25,3.875,5.0],"tintindex":0,"rotation":0,"texture":"#0"},"south":{"uv":[13.9375,9.5,13.5,10.25],"tintindex":0,"rotation":0,"texture":"#0"},"north":{"uv":[12.8125,13.4375,12.375,14.1875],"tintindex":0,"rotation":0,"texture":"#0"},"west":{"uv":[8.0625,3.5,3.875,4.25],"tintindex":0,"rotation":0,"texture":"#0"},"up":{"uv":[3.375,12.25,3.8125,8.0625],"tintindex":0,"rotation":0,"texture":"#0"},"down":{"uv":[3.8125,8.0625,4.25,12.25],"tintindex":0,"rotation":0,"texture":"#0"}}}],"display":{"gui":{"rotation":[30,225,0]}}}