{"textures":{"0":"modelengine:entity/kazk_queen"},"elements":[{"from":[8.830304,-13.0,4.8832107],"to":[11.330304,-9.5,8.883211],"faces":{"east":{"uv":[2.4375,11.5625,1.9375,12.0],"tintindex":0,"rotation":0,"texture":"#0"},"south":{"uv":[14.0625,6.125,13.75,6.5625],"tintindex":0,"rotation":0,"texture":"#0"},"north":{"uv":[13.375,10.9375,13.0625,11.375],"tintindex":0,"rotation":0,"texture":"#0"},"west":{"uv":[2.125,7.5625,1.625,8.0],"tintindex":0,"rotation":0,"texture":"#0"},"up":{"uv":[13.6875,4.4375,14.0,3.9375],"tintindex":0,"rotation":0,"texture":"#0"},"down":{"uv":[13.6875,4.4375,14.0,4.9375],"tintindex":0,"rotation":0,"texture":"#0"}}},{"from":[7.830304,-9.5,3.8832107],"to":[12.330304,2.5,9.883211],"faces":{"east":{"uv":[12.25,7.125,11.5,8.625],"tintindex":0,"rotation":0,"texture":"#0"},"south":{"uv":[12.8125,7.125,12.25,8.625],"tintindex":0,"rotation":0,"texture":"#0"},"north":{"uv":[3.875,12.25,3.3125,13.75],"tintindex":0,"rotation":0,"texture":"#0"},"west":{"uv":[12.25,0.0,11.5,1.5],"tintindex":0,"rotation":0,"texture":"#0"},"up":{"uv":[5.125,14.1875,5.6875,13.4375],"tintindex":0,"rotation":0,"texture":"#0"},"down":{"uv":[5.6875,13.4375,6.25,14.1875],"tintindex":0,"rotation":0,"texture":"#0"}}},{"from":[7.830304,2.5,3.8832107],"to":[12.330304,11.5,12.383211],"faces":{"east":{"uv":[12.375,6.0,11.3125,7.125],"tintindex":0,"rotation":0,"texture":"#0"},"south":{"uv":[13.5,1.5,12.9375,2.625],"tintindex":0,"rotation":0,"texture":"#0"},"north":{"uv":[9.5625,12.875,9.0,14.0],"tintindex":0,"rotation":0,"texture":"#0"},"west":{"uv":[1.0625,11.3125,0.0,12.4375],"tintindex":0,"rotation":0,"texture":"#0"},"up":{"uv":[11.8125,14.125,12.375,13.0625],"tintindex":0,"rotation":0,"texture":"#0"},"down":{"uv":[13.125,3.9375,13.6875,5.0],"tintindex":0,"rotation":0,"texture":"#0"}}},{"from":[9.830304,-9.5,9.883211],"to":[9.830304,2.5,13.383211],"faces":{"east":{"uv":[13.3125,0.0,12.875,1.5],"tintindex":0,"rotation":0,"texture":"#0"},"west":{"uv":[12.875,0.0,13.3125,1.5],"tintindex":0,"rotation":0,"texture":"#0"}}},{"from":[13.0,2.5,12.25],"to":[13.0,11.5,15.75],"faces":{"east":{"uv":[13.5625,5.0,13.125,6.125],"tintindex":0,"rotation":0,"texture":"#0"},"west":{"uv":[13.125,5.0,13.5625,6.125],"tintindex":0,"rotation":0,"texture":"#0"}},"rotation":{"origin":[13.0,7.0,14.0],"angle":22.5,"axis":"y"}}],"display":{"gui":{"rotation":[30,225,0]}}}