{"textures":{"0":"modelengine:entity/pigling_mech"},"elements":[{"from":[-9.0,12.0,6.0],"to":[-4.5,15.5,10.0],"faces":{"east":{"uv":[5.4375,11.6875,5.1875,11.90625],"tintindex":0,"rotation":0,"texture":"#0"},"south":{"uv":[2.75,11.625,2.46875,11.84375],"tintindex":0,"rotation":0,"texture":"#0"},"north":{"uv":[10.21875,11.59375,9.9375,11.8125],"tintindex":0,"rotation":0,"texture":"#0"},"west":{"uv":[11.9375,4.90625,11.6875,5.125],"tintindex":0,"rotation":0,"texture":"#0"},"up":{"uv":[11.46875,6.5625,11.75,6.3125],"tintindex":0,"rotation":0,"texture":"#0"},"down":{"uv":[11.5,1.8125,11.78125,2.0625],"tintindex":0,"rotation":0,"texture":"#0"}}},{"from":[-1.5,0.0,6.5],"to":[3.5,2.5,8.5],"faces":{"east":{"uv":[12.0625,5.4375,11.9375,5.59375],"tintindex":0,"rotation":0,"texture":"#0"},"south":{"uv":[12.03125,7.40625,11.71875,7.5625],"tintindex":0,"rotation":0,"texture":"#0"},"north":{"uv":[6.4375,11.71875,6.125,11.875],"tintindex":0,"rotation":0,"texture":"#0"},"west":{"uv":[12.0625,3.09375,11.9375,3.25],"tintindex":0,"rotation":0,"texture":"#0"},"up":{"uv":[10.78125,2.0,11.09375,1.875],"tintindex":0,"rotation":0,"texture":"#0"},"down":{"uv":[8.375,11.15625,8.6875,11.28125],"tintindex":0,"rotation":0,"texture":"#0"}}},{"from":[3.5,0.0,6.5],"to":[5.5,6.5,8.5],"faces":{"east":{"uv":[4.625,11.71875,4.5,12.125],"tintindex":0,"rotation":0,"texture":"#0"},"south":{"uv":[4.5,11.71875,4.375,12.125],"tintindex":0,"rotation":0,"texture":"#0"},"north":{"uv":[4.25,11.71875,4.125,12.125],"tintindex":0,"rotation":0,"texture":"#0"},"west":{"uv":[4.375,11.71875,4.25,12.125],"tintindex":0,"rotation":0,"texture":"#0"},"up":{"uv":[11.6875,12.09375,11.8125,11.96875],"tintindex":0,"rotation":0,"texture":"#0"},"down":{"uv":[11.8125,11.96875,11.9375,12.09375],"tintindex":0,"rotation":0,"texture":"#0"}}},{"from":[2.0,6.5,5.5],"to":[9.0,10.0,10.5],"faces":{"east":{"uv":[6.4375,11.5,6.125,11.71875],"tintindex":0,"rotation":0,"texture":"#0"},"south":{"uv":[3.3125,8.15625,3.75,8.375],"tintindex":0,"rotation":0,"texture":"#0"},"north":{"uv":[3.75,8.15625,3.3125,8.375],"tintindex":0,"rotation":0,"texture":"#0"},"west":{"uv":[5.8125,5.1875,5.5,5.40625],"tintindex":0,"rotation":0,"texture":"#0"},"up":{"uv":[3.875,3.4375,4.3125,3.125],"tintindex":0,"rotation":0,"texture":"#0"},"down":{"uv":[11.0,5.5,11.4375,5.8125],"tintindex":0,"rotation":0,"texture":"#0"}}},{"from":[-5.5,-5.0,4.5],"to":[-3.0,-0.5,7.0],"faces":{"east":{"uv":[11.90625,6.28125,11.75,6.5625],"tintindex":0,"rotation":0,"texture":"#0"},"south":{"uv":[5.1875,11.75,5.03125,12.03125],"tintindex":0,"rotation":0,"texture":"#0"},"north":{"uv":[11.90625,2.625,11.75,2.90625],"tintindex":0,"rotation":0,"texture":"#0"},"west":{"uv":[5.03125,11.75,4.875,12.03125],"tintindex":0,"rotation":0,"texture":"#0"},"up":{"uv":[10.96875,7.90625,11.125,7.75],"tintindex":0,"rotation":0,"texture":"#0"},"down":{"uv":[11.90625,10.46875,12.0625,10.625],"tintindex":0,"rotation":0,"texture":"#0"}}},{"from":[-11.0,5.5,4.5],"to":[-8.5,12.0,11.0],"faces":{"east":{"uv":[10.4375,10.65625,10.03125,11.0625],"tintindex":0,"rotation":0,"texture":"#0"},"south":{"uv":[3.46875,11.5625,3.3125,11.96875],"tintindex":0,"rotation":0,"texture":"#0"},"north":{"uv":[3.3125,11.5625,3.15625,11.96875],"tintindex":0,"rotation":0,"texture":"#0"},"west":{"uv":[6.9375,4.78125,6.53125,5.1875],"tintindex":0,"rotation":0,"texture":"#0"},"up":{"uv":[3.46875,11.96875,3.625,11.5625],"tintindex":0,"rotation":0,"texture":"#0"},"down":{"uv":[11.5625,11.34375,11.71875,11.75],"tintindex":0,"rotation":0,"texture":"#0"}}},{"from":[-0.5,4.0,3.5],"to":[2.0,13.0,12.5],"faces":{"east":{"uv":[9.5,2.8125,8.9375,3.375],"tintindex":0,"rotation":0,"texture":"#0"},"south":{"uv":[5.71875,11.3125,5.5625,11.875],"tintindex":0,"rotation":0,"texture":"#0"},"north":{"uv":[8.625,5.53125,8.46875,6.09375],"tintindex":0,"rotation":0,"texture":"#0"},"west":{"uv":[3.3125,8.90625,2.75,9.46875],"tintindex":0,"rotation":0,"texture":"#0"},"up":{"uv":[2.90625,11.90625,3.0625,11.34375],"tintindex":0,"rotation":0,"texture":"#0"},"down":{"uv":[9.4375,11.34375,9.59375,11.90625],"tintindex":0,"rotation":0,"texture":"#0"}}},{"from":[-7.5,-0.5,3.0],"to":[-1.5,2.5,12.5],"faces":{"east":{"uv":[11.71875,8.21875,11.125,8.40625],"tintindex":0,"rotation":0,"texture":"#0"},"south":{"uv":[11.84375,6.5625,11.46875,6.75],"tintindex":0,"rotation":0,"texture":"#0"},"north":{"uv":[11.8125,9.84375,11.4375,10.03125],"tintindex":0,"rotation":0,"texture":"#0"},"west":{"uv":[8.03125,2.0625,7.4375,2.25],"tintindex":0,"rotation":0,"texture":"#0"},"up":{"uv":[8.375,10.65625,8.75,10.0625],"tintindex":0,"rotation":0,"texture":"#0"},"down":{"uv":[9.78125,10.0625,10.15625,10.65625],"tintindex":0,"rotation":0,"texture":"#0"}}},{"from":[-8.5,2.5,2.0],"to":[-0.5,14.5,14.0],"faces":{"east":{"uv":[5.8125,6.3125,6.5625,7.0625],"tintindex":0,"rotation":0,"texture":"#0"},"south":{"uv":[8.0625,8.0625,8.5625,8.8125],"tintindex":0,"rotation":0,"texture":"#0"},"north":{"uv":[8.5625,8.0625,8.0625,8.8125],"tintindex":0,"rotation":0,"texture":"#0"},"west":{"uv":[6.5625,6.3125,5.8125,7.0625],"tintindex":0,"rotation":0,"texture":"#0"},"up":{"uv":[2.8125,8.90625,3.3125,8.15625],"tintindex":0,"rotation":0,"texture":"#0"},"down":{"uv":[5.1875,8.28125,5.6875,9.03125],"tintindex":0,"rotation":0,"texture":"#0"}}},{"from":[-7.0,-5.0,8.0],"to":[-2.0,-0.5,10.5],"faces":{"east":{"uv":[2.1875,11.75,2.03125,12.03125],"tintindex":0,"rotation":0,"texture":"#0"},"south":{"uv":[0.5625,11.40625,0.25,11.6875],"tintindex":0,"rotation":0,"texture":"#0"},"north":{"uv":[7.3125,11.375,7.0,11.65625],"tintindex":0,"rotation":0,"texture":"#0"},"west":{"uv":[2.03125,11.75,1.875,12.03125],"tintindex":0,"rotation":0,"texture":"#0"},"up":{"uv":[1.25,3.4375,1.5625,3.28125],"tintindex":0,"rotation":0,"texture":"#0"},"down":{"uv":[6.125,7.8125,6.4375,7.96875],"tintindex":0,"rotation":0,"texture":"#0"}}}],"display":{"gui":{"rotation":[30,225,0]}}}