{"textures":{"0":"modelengine:entity/pigling_mech"},"elements":[{"from":[1.0,-1.666667,2.6666665],"to":[2.0,1.0,5.333333],"faces":{"east":{"uv":[8.78125,11.59375,9.03125,11.84375],"tintindex":0,"rotation":0,"texture":"#0"},"south":{"uv":[9.5,11.90625,9.59375,12.15625],"tintindex":0,"rotation":0,"texture":"#0"},"north":{"uv":[11.9375,3.71875,12.03125,3.96875],"tintindex":0,"rotation":0,"texture":"#0"},"west":{"uv":[0.5625,11.59375,0.8125,11.84375],"tintindex":0,"rotation":0,"texture":"#0"},"up":{"uv":[12.03125,4.40625,11.9375,4.15625],"tintindex":0,"rotation":180,"texture":"#0"},"down":{"uv":[12.03125,4.875,11.9375,5.125],"tintindex":0,"rotation":180,"texture":"#0"}}},{"from":[6.333333,-1.666667,14.0],"to":[9.0,1.0,15.0],"faces":{"east":{"uv":[9.5,11.90625,9.59375,12.15625],"tintindex":0,"rotation":0,"texture":"#0"},"south":{"uv":[0.5625,11.59375,0.8125,11.84375],"tintindex":0,"rotation":0,"texture":"#0"},"north":{"uv":[8.78125,11.59375,9.03125,11.84375],"tintindex":0,"rotation":0,"texture":"#0"},"west":{"uv":[11.9375,3.71875,12.03125,3.96875],"tintindex":0,"rotation":0,"texture":"#0"},"up":{"uv":[12.03125,4.40625,11.9375,4.15625],"tintindex":0,"rotation":90,"texture":"#0"},"down":{"uv":[12.03125,4.875,11.9375,5.125],"tintindex":0,"rotation":270,"texture":"#0"}}},{"from":[10.333334,-1.666667,14.0],"to":[13.0,1.0,15.0],"faces":{"east":{"uv":[9.5,11.90625,9.59375,12.15625],"tintindex":0,"rotation":0,"texture":"#0"},"south":{"uv":[0.5625,11.59375,0.8125,11.84375],"tintindex":0,"rotation":0,"texture":"#0"},"north":{"uv":[8.78125,11.59375,9.03125,11.84375],"tintindex":0,"rotation":0,"texture":"#0"},"west":{"uv":[11.9375,3.71875,12.03125,3.96875],"tintindex":0,"rotation":0,"texture":"#0"},"up":{"uv":[12.03125,4.40625,11.9375,4.15625],"tintindex":0,"rotation":90,"texture":"#0"},"down":{"uv":[12.03125,4.875,11.9375,5.125],"tintindex":0,"rotation":270,"texture":"#0"}}},{"from":[10.333334,-1.666667,1.0],"to":[13.0,1.0,2.0],"faces":{"east":{"uv":[9.59375,11.90625,9.5,12.15625],"tintindex":0,"rotation":0,"texture":"#0"},"south":{"uv":[9.03125,11.59375,8.78125,11.84375],"tintindex":0,"rotation":0,"texture":"#0"},"north":{"uv":[0.8125,11.59375,0.5625,11.84375],"tintindex":0,"rotation":0,"texture":"#0"},"west":{"uv":[12.03125,3.71875,11.9375,3.96875],"tintindex":0,"rotation":0,"texture":"#0"},"up":{"uv":[11.9375,4.40625,12.03125,4.15625],"tintindex":0,"rotation":90,"texture":"#0"},"down":{"uv":[11.9375,4.875,12.03125,5.125],"tintindex":0,"rotation":270,"texture":"#0"}}},{"from":[2.333333,-1.666667,14.0],"to":[5.0,1.0,15.0],"faces":{"east":{"uv":[9.5,11.90625,9.59375,12.15625],"tintindex":0,"rotation":0,"texture":"#0"},"south":{"uv":[0.5625,11.59375,0.8125,11.84375],"tintindex":0,"rotation":0,"texture":"#0"},"north":{"uv":[8.78125,11.59375,9.03125,11.84375],"tintindex":0,"rotation":0,"texture":"#0"},"west":{"uv":[11.9375,3.71875,12.03125,3.96875],"tintindex":0,"rotation":0,"texture":"#0"},"up":{"uv":[12.03125,4.40625,11.9375,4.15625],"tintindex":0,"rotation":90,"texture":"#0"},"down":{"uv":[12.03125,4.875,11.9375,5.125],"tintindex":0,"rotation":270,"texture":"#0"}}},{"from":[13.333334,-1.666667,2.6666665],"to":[14.333334,1.0,5.333333],"faces":{"east":{"uv":[0.5625,11.59375,0.8125,11.84375],"tintindex":0,"rotation":0,"texture":"#0"},"south":{"uv":[11.9375,3.71875,12.03125,3.96875],"tintindex":0,"rotation":0,"texture":"#0"},"north":{"uv":[9.5,11.90625,9.59375,12.15625],"tintindex":0,"rotation":0,"texture":"#0"},"west":{"uv":[8.78125,11.59375,9.03125,11.84375],"tintindex":0,"rotation":0,"texture":"#0"},"up":{"uv":[12.03125,4.40625,11.9375,4.15625],"tintindex":0,"rotation":0,"texture":"#0"},"down":{"uv":[12.03125,4.875,11.9375,5.125],"tintindex":0,"rotation":0,"texture":"#0"}}},{"from":[13.333334,-1.666667,10.666667],"to":[14.333334,1.0,13.333334],"faces":{"east":{"uv":[0.5625,11.59375,0.8125,11.84375],"tintindex":0,"rotation":0,"texture":"#0"},"south":{"uv":[11.9375,3.71875,12.03125,3.96875],"tintindex":0,"rotation":0,"texture":"#0"},"north":{"uv":[9.5,11.90625,9.59375,12.15625],"tintindex":0,"rotation":0,"texture":"#0"},"west":{"uv":[8.78125,11.59375,9.03125,11.84375],"tintindex":0,"rotation":0,"texture":"#0"},"up":{"uv":[12.03125,4.40625,11.9375,4.15625],"tintindex":0,"rotation":0,"texture":"#0"},"down":{"uv":[12.03125,4.875,11.9375,5.125],"tintindex":0,"rotation":0,"texture":"#0"}}},{"from":[6.333333,-1.666667,1.0],"to":[9.0,1.0,2.0],"faces":{"east":{"uv":[9.59375,11.90625,9.5,12.15625],"tintindex":0,"rotation":0,"texture":"#0"},"south":{"uv":[9.03125,11.59375,8.78125,11.84375],"tintindex":0,"rotation":0,"texture":"#0"},"north":{"uv":[0.8125,11.59375,0.5625,11.84375],"tintindex":0,"rotation":0,"texture":"#0"},"west":{"uv":[12.03125,3.71875,11.9375,3.96875],"tintindex":0,"rotation":0,"texture":"#0"},"up":{"uv":[11.9375,4.40625,12.03125,4.15625],"tintindex":0,"rotation":90,"texture":"#0"},"down":{"uv":[11.9375,4.875,12.03125,5.125],"tintindex":0,"rotation":270,"texture":"#0"}}},{"from":[13.333334,-1.666667,10.666667],"to":[14.333334,1.0,13.333334],"faces":{"east":{"uv":[0.5625,11.59375,0.8125,11.84375],"tintindex":0,"rotation":0,"texture":"#0"},"south":{"uv":[11.9375,3.71875,12.03125,3.96875],"tintindex":0,"rotation":0,"texture":"#0"},"north":{"uv":[9.5,11.90625,9.59375,12.15625],"tintindex":0,"rotation":0,"texture":"#0"},"west":{"uv":[8.78125,11.59375,9.03125,11.84375],"tintindex":0,"rotation":0,"texture":"#0"},"up":{"uv":[12.03125,4.40625,11.9375,4.15625],"tintindex":0,"rotation":0,"texture":"#0"},"down":{"uv":[12.03125,4.875,11.9375,5.125],"tintindex":0,"rotation":0,"texture":"#0"}}},{"from":[1.0,-1.666667,10.666667],"to":[2.0,1.0,13.333334],"faces":{"east":{"uv":[8.78125,11.59375,9.03125,11.84375],"tintindex":0,"rotation":0,"texture":"#0"},"south":{"uv":[9.5,11.90625,9.59375,12.15625],"tintindex":0,"rotation":0,"texture":"#0"},"north":{"uv":[11.9375,3.71875,12.03125,3.96875],"tintindex":0,"rotation":0,"texture":"#0"},"west":{"uv":[0.5625,11.59375,0.8125,11.84375],"tintindex":0,"rotation":0,"texture":"#0"},"up":{"uv":[12.03125,4.40625,11.9375,4.15625],"tintindex":0,"rotation":180,"texture":"#0"},"down":{"uv":[12.03125,4.875,11.9375,5.125],"tintindex":0,"rotation":180,"texture":"#0"}}},{"from":[10.333334,-13.0,5.6666665],"to":[14.0,-5.0,11.0],"faces":{"east":{"uv":[6.6875,8.4375,6.1875,9.1875],"tintindex":0,"rotation":0,"texture":"#0"},"south":{"uv":[6.65625,9.59375,7.0,10.34375],"tintindex":0,"rotation":0,"texture":"#0"},"north":{"uv":[7.0,9.59375,6.65625,10.34375],"tintindex":0,"rotation":0,"texture":"#0"},"west":{"uv":[8.9375,2.6875,8.4375,3.4375],"tintindex":0,"rotation":0,"texture":"#0"},"up":{"uv":[8.375,11.15625,8.71875,10.65625],"tintindex":0,"rotation":0,"texture":"#0"},"down":{"uv":[9.6875,10.65625,10.03125,11.15625],"tintindex":0,"rotation":0,"texture":"#0"}}},{"from":[13.333334,-1.666667,6.6666665],"to":[14.333334,1.0,9.333333],"faces":{"east":{"uv":[0.5625,11.59375,0.8125,11.84375],"tintindex":0,"rotation":0,"texture":"#0"},"south":{"uv":[11.9375,3.71875,12.03125,3.96875],"tintindex":0,"rotation":0,"texture":"#0"},"north":{"uv":[9.5,11.90625,9.59375,12.15625],"tintindex":0,"rotation":0,"texture":"#0"},"west":{"uv":[8.78125,11.59375,9.03125,11.84375],"tintindex":0,"rotation":0,"texture":"#0"},"up":{"uv":[12.03125,4.40625,11.9375,4.15625],"tintindex":0,"rotation":0,"texture":"#0"},"down":{"uv":[12.03125,4.875,11.9375,5.125],"tintindex":0,"rotation":0,"texture":"#0"}}},{"from":[2.0,-8.666668,2.0],"to":[13.333334,2.0,14.0],"faces":{"east":{"uv":[3.1875,3.4375,4.3125,4.4375],"tintindex":0,"rotation":0,"texture":"#0"},"south":{"uv":[0.0,3.5,1.0625,4.5],"tintindex":0,"rotation":0,"texture":"#0"},"north":{"uv":[0.0,3.5,1.0625,4.5],"tintindex":0,"rotation":0,"texture":"#0"},"west":{"uv":[3.1875,3.4375,4.3125,4.4375],"tintindex":0,"rotation":0,"texture":"#0"},"up":{"uv":[3.875,3.4375,2.8125,2.3125],"tintindex":0,"rotation":0,"texture":"#0"},"down":{"uv":[3.9375,0.0,2.875,1.125],"tintindex":0,"rotation":0,"texture":"#0"}}},{"from":[5.6666665,2.0,6.0],"to":[9.666667,8.0,9.666667],"faces":{"east":{"uv":[8.96875,10.28125,9.3125,10.84375],"tintindex":0,"rotation":0,"texture":"#0"},"south":{"uv":[1.5625,10.28125,1.9375,10.84375],"tintindex":0,"rotation":0,"texture":"#0"},"north":{"uv":[1.9375,10.28125,1.5625,10.84375],"tintindex":0,"rotation":0,"texture":"#0"},"west":{"uv":[8.96875,10.28125,9.3125,10.84375],"tintindex":0,"rotation":0,"texture":"#0"},"up":{"uv":[11.5,2.21875,11.125,1.875],"tintindex":0,"rotation":0,"texture":"#0"},"down":{"uv":[11.5,7.75,11.125,8.09375],"tintindex":0,"rotation":0,"texture":"#0"}}},{"from":[1.333333,-13.0,5.6666665],"to":[5.0,-5.0,11.0],"faces":{"east":{"uv":[8.4375,2.6875,8.9375,3.4375],"tintindex":0,"rotation":0,"texture":"#0"},"south":{"uv":[7.0,9.59375,6.65625,10.34375],"tintindex":0,"rotation":0,"texture":"#0"},"north":{"uv":[6.65625,9.59375,7.0,10.34375],"tintindex":0,"rotation":0,"texture":"#0"},"west":{"uv":[6.1875,8.4375,6.6875,9.1875],"tintindex":0,"rotation":0,"texture":"#0"},"up":{"uv":[8.71875,11.15625,8.375,10.65625],"tintindex":0,"rotation":0,"texture":"#0"},"down":{"uv":[10.03125,10.65625,9.6875,11.15625],"tintindex":0,"rotation":0,"texture":"#0"}}},{"from":[13.333334,-1.666667,6.6666665],"to":[14.333334,1.0,9.333333],"faces":{"east":{"uv":[0.5625,11.59375,0.8125,11.84375],"tintindex":0,"rotation":0,"texture":"#0"},"south":{"uv":[11.9375,3.71875,12.03125,3.96875],"tintindex":0,"rotation":0,"texture":"#0"},"north":{"uv":[9.5,11.90625,9.59375,12.15625],"tintindex":0,"rotation":0,"texture":"#0"},"west":{"uv":[8.78125,11.59375,9.03125,11.84375],"tintindex":0,"rotation":0,"texture":"#0"},"up":{"uv":[12.03125,4.40625,11.9375,4.15625],"tintindex":0,"rotation":0,"texture":"#0"},"down":{"uv":[12.03125,4.875,11.9375,5.125],"tintindex":0,"rotation":0,"texture":"#0"}}},{"from":[1.0,-1.666667,6.6666665],"to":[2.0,1.0,9.333333],"faces":{"east":{"uv":[8.78125,11.59375,9.03125,11.84375],"tintindex":0,"rotation":0,"texture":"#0"},"south":{"uv":[9.5,11.90625,9.59375,12.15625],"tintindex":0,"rotation":0,"texture":"#0"},"north":{"uv":[11.9375,3.71875,12.03125,3.96875],"tintindex":0,"rotation":0,"texture":"#0"},"west":{"uv":[0.5625,11.59375,0.8125,11.84375],"tintindex":0,"rotation":0,"texture":"#0"},"up":{"uv":[12.03125,4.40625,11.9375,4.15625],"tintindex":0,"rotation":180,"texture":"#0"},"down":{"uv":[12.03125,4.875,11.9375,5.125],"tintindex":0,"rotation":180,"texture":"#0"}}},{"from":[2.333333,-1.666667,1.0],"to":[5.0,1.0,2.0],"faces":{"east":{"uv":[9.59375,11.90625,9.5,12.15625],"tintindex":0,"rotation":0,"texture":"#0"},"south":{"uv":[9.03125,11.59375,8.78125,11.84375],"tintindex":0,"rotation":0,"texture":"#0"},"north":{"uv":[0.8125,11.59375,0.5625,11.84375],"tintindex":0,"rotation":0,"texture":"#0"},"west":{"uv":[12.03125,3.71875,11.9375,3.96875],"tintindex":0,"rotation":0,"texture":"#0"},"up":{"uv":[11.9375,4.40625,12.03125,4.15625],"tintindex":0,"rotation":90,"texture":"#0"},"down":{"uv":[11.9375,4.875,12.03125,5.125],"tintindex":0,"rotation":270,"texture":"#0"}}},{"from":[13.333334,-1.666667,2.6666665],"to":[14.333334,1.0,5.333333],"faces":{"east":{"uv":[0.5625,11.59375,0.8125,11.84375],"tintindex":0,"rotation":0,"texture":"#0"},"south":{"uv":[11.9375,3.71875,12.03125,3.96875],"tintindex":0,"rotation":0,"texture":"#0"},"north":{"uv":[9.5,11.90625,9.59375,12.15625],"tintindex":0,"rotation":0,"texture":"#0"},"west":{"uv":[8.78125,11.59375,9.03125,11.84375],"tintindex":0,"rotation":0,"texture":"#0"},"up":{"uv":[12.03125,4.40625,11.9375,4.15625],"tintindex":0,"rotation":0,"texture":"#0"},"down":{"uv":[12.03125,4.875,11.9375,5.125],"tintindex":0,"rotation":0,"texture":"#0"}}}],"display":{"gui":{"rotation":[30,225,0]}}}