{"textures":{"0":"modelengine:entity/pigling_mech"},"elements":[{"from":[7.0,8.0,6.9999995],"to":[9.0,17.0,9.0],"faces":{"east":{"uv":[5.0,9.9375,5.0625,10.21875],"tintindex":0,"rotation":0,"texture":"#0"},"south":{"uv":[4.9375,10.53125,5.0,10.8125],"tintindex":0,"rotation":0,"texture":"#0"},"north":{"uv":[0.59375,9.90625,0.65625,10.1875],"tintindex":0,"rotation":0,"texture":"#0"},"west":{"uv":[5.5625,11.0,5.625,11.28125],"tintindex":0,"rotation":0,"texture":"#0"},"up":{"uv":[1.9375,7.96875,1.875,7.90625],"tintindex":0,"rotation":0,"texture":"#0"},"down":{"uv":[4.21875,8.0,4.15625,8.0625],"tintindex":0,"rotation":0,"texture":"#0"}}}],"display":{"gui":{"rotation":[30,225,0]}}}