{
	"credit": "MadewithBlockbench",
	"texture_size": [128, 128],
	"textures": {
		"2": "otter:otter_4"
	},
	"elements": [
		{
			"from": [4.23398, 5.23958, -3.74836],
			"to": [11.80154, 12.80714, 3.8192],
			"rotation": {"angle": 0, "axis": "y", "origin": [8, 12.43087, 3.16]},
			"faces": {
				"north": {"uv": [10.25, 12, 11.25, 13], "texture": "#2"},
				"east": {"uv": [3.5, 12.25, 4.5, 13.25], "texture": "#2"},
				"south": {"uv": [4.5, 12.25, 5.5, 13.25], "texture": "#2"},
				"west": {"uv": [11.25, 12.25, 12.25, 13.25], "texture": "#2"},
				"up": {"uv": [13.25, 13.25, 12.25, 12.25], "texture": "#2"},
				"down": {"uv": [13.375, 8.5, 12.375, 9.5], "texture": "#2"}
			}
		},
		{
			"from": [4.54862, 11.13021, -5.57336],
			"to": [6.41618, 13.09777, -4.5058],
			"rotation": {"angle": -45, "axis": "z", "origin": [2.8, 7.4, 4.475]},
			"faces": {
				"north": {"uv": [7.75, 4.5, 8, 4.75], "texture": "#2"},
				"east": {"uv": [8.5, 4.375, 8.625, 4.625], "texture": "#2"},
				"south": {"uv": [8, 4.5, 8.25, 4.75], "texture": "#2"},
				"west": {"uv": [8.625, 4.375, 8.75, 4.625], "texture": "#2"},
				"up": {"uv": [8.875, 4.75, 8.625, 4.625], "texture": "#2"},
				"down": {"uv": [9, 4.375, 8.75, 4.5], "texture": "#2"}
			}
		},
		{
			"from": [-8.52585, 8.54414, -0.30876],
			"to": [-1.90825, 24.31374, 21.79684],
			"rotation": {"angle": 0, "axis": "y", "origin": [8, 12.43087, 3.16]},
			"faces": {
				"north": {"uv": [7.625, 11.375, 8.5, 13.375], "texture": "#2"},
				"east": {"uv": [7.75, 2.375, 10.5, 4.375], "texture": "#2"},
				"south": {"uv": [8.5, 11.375, 9.375, 13.375], "texture": "#2"},
				"west": {"uv": [0, 8.875, 2.75, 10.875], "texture": "#2"},
				"up": {"uv": [11.375, 3.375, 10.5, 0.625], "texture": "#2"},
				"down": {"uv": [11.5, 9.25, 10.625, 12], "texture": "#2"}
			}
		},
		{
			"from": [4.6912, 8.1672, -0.30876],
			"to": [11.3088, 26.7528, 21.79684],
			"rotation": {"angle": 0, "axis": "y", "origin": [8, 12.43087, 3.16]},
			"faces": {
				"north": {"uv": [5.875, 11.25, 6.75, 13.625], "texture": "#2"},
				"east": {"uv": [7.5, 4.75, 10.25, 7.125], "texture": "#2"},
				"south": {"uv": [6.75, 11.25, 7.625, 13.625], "texture": "#2"},
				"west": {"uv": [7.75, 0, 10.5, 2.375], "texture": "#2"},
				"up": {"uv": [0.875, 13.625, 0, 10.875], "texture": "#2"},
				"down": {"uv": [1.75, 10.875, 0.875, 13.625], "texture": "#2"}
			}
		},
		{
			"from": [-4.9888, 6.5832, 1.45124],
			"to": [20.9888, 23.4088, 20.03684],
			"rotation": {"angle": 0, "axis": "y", "origin": [8, 12.43087, 3.16]},
			"faces": {
				"north": {"uv": [3.25, 7.125, 6.5, 9.25], "texture": "#2"},
				"east": {"uv": [8.25, 9.25, 10.625, 11.375], "texture": "#2"},
				"south": {"uv": [6.5, 7.125, 9.75, 9.25], "texture": "#2"},
				"west": {"uv": [9.75, 7.125, 12.125, 9.25], "texture": "#2"},
				"up": {"uv": [7.5, 7.125, 4.25, 4.75], "texture": "#2"},
				"down": {"uv": [3.25, 6.5, 0, 8.875], "texture": "#2"}
			}
		},
		{
			"from": [-9.2128, 6.4072, -2.06876],
			"to": [25.2128, 10.9128, 23.55684],
			"rotation": {"angle": 0, "axis": "y", "origin": [8, 12.43087, 3.16]},
			"faces": {
				"north": {"uv": [10.25, 6.375, 14.5, 7], "texture": "#2"},
				"east": {"uv": [11.375, 0.625, 14.625, 1.25], "texture": "#2"},
				"south": {"uv": [10.5, 0, 14.75, 0.625], "texture": "#2"},
				"west": {"uv": [11.375, 1.25, 14.625, 1.875], "texture": "#2"},
				"up": {"uv": [4.25, 3.25, 0, 0], "texture": "#2"},
				"down": {"uv": [4.25, 3.25, 0, 6.5], "texture": "#2"}
			}
		},
		{
			"from": [-7.8928, -3.2728, -0.73997],
			"to": [-4.2672, 6.9528, 2.88563],
			"rotation": {"angle": 0, "axis": "y", "origin": [8, 8, 8]},
			"faces": {
				"north": {"uv": [8.125, 13.375, 8.625, 14.625], "texture": "#2"},
				"east": {"uv": [13.375, 8.5, 13.875, 9.75], "texture": "#2"},
				"south": {"uv": [8.625, 13.375, 9.125, 14.625], "texture": "#2"},
				"west": {"uv": [9.125, 13.375, 9.625, 14.625], "texture": "#2"},
				"up": {"uv": [14.25, 6.125, 13.75, 5.625], "texture": "#2"},
				"down": {"uv": [12.25, 13.75, 11.75, 14.25], "texture": "#2"}
			}
		},
		{
			"from": [17.90825, 8.54414, -0.30876],
			"to": [24.52585, 24.31374, 21.79684],
			"rotation": {"angle": 0, "axis": "y", "origin": [8, 12.43087, 3.16]},
			"faces": {
				"north": {"uv": [9.375, 11.375, 10.25, 13.375], "texture": "#2"},
				"east": {"uv": [2.75, 9.25, 5.5, 11.25], "texture": "#2"},
				"south": {"uv": [11.5, 9.25, 12.375, 11.25], "texture": "#2"},
				"west": {"uv": [5.5, 9.25, 8.25, 11.25], "texture": "#2"},
				"up": {"uv": [2.625, 13.625, 1.75, 10.875], "texture": "#2"},
				"down": {"uv": [3.5, 11.25, 2.625, 14], "texture": "#2"}
			}
		},
		{
			"from": [-7.8928, -3.2728, 18.61124],
			"to": [-4.2672, 6.9528, 22.23684],
			"rotation": {"angle": 0, "axis": "y", "origin": [8, 8, 8]},
			"faces": {
				"north": {"uv": [9.625, 13.375, 10.125, 14.625], "texture": "#2"},
				"east": {"uv": [0, 13.625, 0.5, 14.875], "texture": "#2"},
				"south": {"uv": [0.5, 13.625, 1, 14.875], "texture": "#2"},
				"west": {"uv": [1, 13.625, 1.5, 14.875], "texture": "#2"},
				"up": {"uv": [12.75, 14.25, 12.25, 13.75], "texture": "#2"},
				"down": {"uv": [13.25, 13.75, 12.75, 14.25], "texture": "#2"}
			}
		},
		{
			"from": [-6.1328, -1.5128, 1.01124],
			"to": [22.1328, 6.7778, 20.47684],
			"rotation": {"angle": 0, "axis": "y", "origin": [8, 8, 8]},
			"faces": {
				"north": {"uv": [10.25, 4.375, 13.75, 5.375], "texture": "#2"},
				"east": {"uv": [10.5, 3.375, 12.875, 4.375], "texture": "#2"},
				"south": {"uv": [10.25, 5.375, 13.75, 6.375], "texture": "#2"},
				"west": {"uv": [3.5, 11.25, 5.875, 12.25], "texture": "#2"},
				"up": {"uv": [7.75, 2.375, 4.25, 0], "texture": "#2"},
				"down": {"uv": [7.75, 2.375, 4.25, 4.75], "texture": "#2"}
			}
		},
		{
			"from": [-7.8928, -3.2728, 2.88564],
			"to": [-4.2672, 0.8028, 18.61124],
			"rotation": {"angle": 0, "axis": "y", "origin": [8, 8, 8]},
			"faces": {
				"north": {"uv": [13.75, 13.25, 14.25, 13.75], "texture": "#2"},
				"east": {"uv": [12.375, 10.5, 14.375, 11], "texture": "#2"},
				"south": {"uv": [13.75, 13.75, 14.25, 14.25], "texture": "#2"},
				"west": {"uv": [11.25, 13.25, 13.25, 13.75], "texture": "#2"},
				"up": {"uv": [5, 15.25, 4.5, 13.25], "texture": "#2"},
				"down": {"uv": [5.5, 13.25, 5, 15.25], "texture": "#2"}
			}
		},
		{
			"from": [20.2672, -3.2728, 18.61124],
			"to": [23.8928, 6.9528, 22.23684],
			"rotation": {"angle": 0, "axis": "y", "origin": [8, 8, 8]},
			"faces": {
				"north": {"uv": [1.5, 13.625, 2, 14.875], "texture": "#2"},
				"east": {"uv": [2, 13.625, 2.5, 14.875], "texture": "#2"},
				"south": {"uv": [5.5, 13.625, 6, 14.875], "texture": "#2"},
				"west": {"uv": [6, 13.625, 6.5, 14.875], "texture": "#2"},
				"up": {"uv": [14.375, 3.875, 13.875, 3.375], "texture": "#2"},
				"down": {"uv": [14.375, 3.875, 13.875, 4.375], "texture": "#2"}
			}
		},
		{
			"from": [20.2672, -3.2728, 2.88564],
			"to": [23.8928, 0.8028, 18.61124],
			"rotation": {"angle": 0, "axis": "y", "origin": [8, 8, 8]},
			"faces": {
				"north": {"uv": [13.875, 8.5, 14.375, 9], "texture": "#2"},
				"east": {"uv": [13.25, 12.25, 15.25, 12.75], "texture": "#2"},
				"south": {"uv": [13.875, 9, 14.375, 9.5], "texture": "#2"},
				"west": {"uv": [13.25, 12.75, 15.25, 13.25], "texture": "#2"},
				"up": {"uv": [13.75, 15.25, 13.25, 13.25], "texture": "#2"},
				"down": {"uv": [8.125, 13.375, 7.625, 15.375], "texture": "#2"}
			}
		},
		{
			"from": [20.2672, -3.2728, -0.73997],
			"to": [23.8928, 6.9528, 2.88563],
			"rotation": {"angle": 0, "axis": "y", "origin": [8, 8, 8]},
			"faces": {
				"north": {"uv": [6.5, 13.625, 7, 14.875], "texture": "#2"},
				"east": {"uv": [7, 13.625, 7.5, 14.875], "texture": "#2"},
				"south": {"uv": [13.75, 4.375, 14.25, 5.625], "texture": "#2"},
				"west": {"uv": [11.25, 13.75, 11.75, 15], "texture": "#2"},
				"up": {"uv": [3, 14.5, 2.5, 14], "texture": "#2"},
				"down": {"uv": [3.5, 14, 3, 14.5], "texture": "#2"}
			}
		},
		{
			"from": [-4.2672, -3.2728, -0.73997],
			"to": [20.2584, 0.8028, 2.88563],
			"rotation": {"angle": 0, "axis": "y", "origin": [8, 8, 8]},
			"faces": {
				"north": {"uv": [11.375, 1.875, 14.5, 2.375], "texture": "#2"},
				"east": {"uv": [14, 9.5, 14.5, 10], "texture": "#2"},
				"south": {"uv": [11.375, 2.375, 14.5, 2.875], "texture": "#2"},
				"west": {"uv": [14, 10, 14.5, 10.5], "texture": "#2"},
				"up": {"uv": [14.5, 3.375, 11.375, 2.875], "texture": "#2"},
				"down": {"uv": [14.625, 11.25, 11.5, 11.75], "texture": "#2"}
			}
		},
		{
			"from": [-4.2672, -3.2728, 18.61124],
			"to": [20.2584, 0.8028, 22.23684],
			"rotation": {"angle": 0, "axis": "y", "origin": [8, 8, 8]},
			"faces": {
				"north": {"uv": [11.5, 11.75, 14.625, 12.25], "texture": "#2"},
				"east": {"uv": [10.125, 14, 10.625, 14.5], "texture": "#2"},
				"south": {"uv": [12.125, 7, 15.25, 7.5], "texture": "#2"},
				"west": {"uv": [10.625, 14, 11.125, 14.5], "texture": "#2"},
				"up": {"uv": [15.25, 8, 12.125, 7.5], "texture": "#2"},
				"down": {"uv": [15.25, 8, 12.125, 8.5], "texture": "#2"}
			}
		}
	],
	"gui_light": "front",
	"display": {
		"thirdperson_righthand": {
			"rotation": [38.25, 0, 0],
			"translation": [0.25, 0.5, -1.25],
			"scale": [0.17, 0.17, 0.17]
		},
		"thirdperson_lefthand": {
			"rotation": [38.25, 0, 0],
			"translation": [0.25, 0.5, -1.25],
			"scale": [0.17, 0.17, 0.17]
		},
		"firstperson_righthand": {
			"translation": [29.5, -10.25, -19.75],
			"scale": [0.8, 0.8, 0.8]
		},
		"firstperson_lefthand": {
			"translation": [29.5, -10.25, -19.75],
			"scale": [0.8, 0.8, 0.8]
		},
		"ground": {
			"translation": [0, 4, -2],
			"scale": [0.24, 0.24, 0.24]
		},
		"gui": {
			"rotation": [11, 143, 0],
			"translation": [-1, -1.25, 0],
			"scale": [0.34, 0.34, 0.34]
		},
		"fixed": {
			"rotation": [-90, 0, 0],
			"translation": [0, -3.25, -12.75],
			"scale": [1.28, 1.28, 1.28]
		}
	}
}