{
	"credit": "Made with Blockbench",
	"textures": {
		"0": "otter:key",
		"particle": "otter:key"
	},
	"elements": [
		{
			"from": [-0.5, 0, -0.5],
			"to": [2.5, 1, 5.5],
			"rotation": {"angle": -45, "axis": "x", "origin": [1, 1, 1]},
			"faces": {
				"north": {"uv": [8, 4, 11, 5], "texture": "#0"},
				"east": {"uv": [2, 7, 6, 8], "texture": "#0"},
				"south": {"uv": [8, 5, 11, 6], "texture": "#0"},
				"west": {"uv": [2, 8, 6, 9], "texture": "#0"},
				"up": {"uv": [3, 4, 0, 0], "texture": "#0"},
				"down": {"uv": [6, 0, 3, 4], "texture": "#0"}
			}
		},
		{
			"from": [0, -1, 0],
			"to": [2, 2, 5],
			"rotation": {"angle": -45, "axis": "x", "origin": [1, 1, 1]},
			"faces": {
				"north": {"uv": [6, 0, 8, 3], "texture": "#0"},
				"east": {"uv": [0, 4, 3, 7], "texture": "#0"},
				"south": {"uv": [6, 3, 8, 6], "texture": "#0"},
				"west": {"uv": [3, 4, 6, 7], "texture": "#0"},
				"up": {"uv": [8, 9, 6, 6], "texture": "#0"},
				"down": {"uv": [2, 7, 0, 10], "texture": "#0"}
			}
		},
		{
			"from": [0.5, 0.5, -2],
			"to": [1.5, 1.5, 1],
			"rotation": {"angle": 0, "axis": "y", "origin": [1, 1, 1]},
			"faces": {
				"north": {"uv": [10, 8, 11, 9], "texture": "#0"},
				"east": {"uv": [8, 6, 11, 7], "texture": "#0"},
				"south": {"uv": [9, 10, 10, 11], "texture": "#0"},
				"west": {"uv": [8, 7, 11, 8], "texture": "#0"},
				"up": {"uv": [9, 11, 8, 8], "texture": "#0"},
				"down": {"uv": [3, 9, 2, 12], "texture": "#0"}
			}
		},
		{
			"from": [-0.5, 0.5, -3],
			"to": [2.5, 1.5, -2],
			"rotation": {"angle": 0, "axis": "y", "origin": [1, 1, 1]},
			"faces": {
				"north": {"uv": [8, 0, 13, 1], "texture": "#0"},
				"east": {"uv": [10, 9, 11, 10], "texture": "#0"},
				"south": {"uv": [8, 1, 13, 2], "texture": "#0"},
				"west": {"uv": [10, 10, 11, 11], "texture": "#0"},
				"up": {"uv": [13, 3, 8, 2], "texture": "#0"},
				"down": {"uv": [13, 3, 8, 4], "texture": "#0"}
			}
		},
		{
			"from": [-0.5, 0.5, -4],
			"to": [0.5, 1.5, -3],
			"rotation": {"angle": 0, "axis": "y", "origin": [2, 1, 1]},
			"faces": {
				"north": {"uv": [0, 11, 1, 12], "texture": "#0"},
				"east": {"uv": [3, 9, 5, 10], "texture": "#0"},
				"south": {"uv": [1, 11, 2, 12], "texture": "#0"},
				"west": {"uv": [5, 9, 7, 10], "texture": "#0"},
				"up": {"uv": [8, 11, 7, 9], "texture": "#0"},
				"down": {"uv": [10, 8, 9, 10], "texture": "#0"}
			}
		},
		{
			"from": [1.5, 0.5, -4],
			"to": [2.5, 1.5, -3],
			"rotation": {"angle": 0, "axis": "y", "origin": [0, 1, 1]},
			"faces": {
				"north": {"uv": [3, 11, 4, 12], "texture": "#0"},
				"east": {"uv": [0, 10, 2, 11], "texture": "#0"},
				"south": {"uv": [4, 11, 5, 12], "texture": "#0"},
				"west": {"uv": [3, 10, 5, 11], "texture": "#0"},
				"up": {"uv": [6, 12, 5, 10], "texture": "#0"},
				"down": {"uv": [7, 10, 6, 12], "texture": "#0"}
			}
		}
	],
	"display": {
		"thirdperson_righthand": {
			"translation": [7, 6.25, 6]
		},
		"thirdperson_lefthand": {
			"translation": [-7, 6.25, 6]
		},
		"firstperson_righthand": {
			"rotation": [16, 18, 0],
			"translation": [11, 7.25, 7]
		},
		"firstperson_lefthand": {
			"rotation": [16, 18, 0],
			"translation": [-1.75, 7.25, 12]
		},
		"ground": {
			"translation": [7, 7.5, 8.25]
		},
		"gui": {
			"rotation": [51, 145, 17],
			"translation": [0.25, 18, 4],
			"scale": [1.5, 1.5, 1.5]
		},
		"head": {
			"translation": [7.5, 14.75, 6.25]
		},
		"fixed": {
			"rotation": [-90, 0, 0],
			"translation": [10.5, 13.25, -10],
			"scale": [1.5, 1.5, 1.5]
		}
	},
	"groups": [
		{
			"name": "key_3",
			"origin": [1, 1, 1],
			"color": 0,
			"children": [0, 1, 2, 3, 4, 5]
		}
	]
}