{
	"credit": "Made with Blockbench",
	"ambientocclusion": false,
	"textures": {
		"2": "otter:key2"
	},
	"elements": [
		{
			"from": [7, 4.2, 3],
			"to": [9, 6.2, 5],
			"rotation": {"angle": -45, "axis": "z", "origin": [8, 5.2, 4]},
			"faces": {
				"north": {"uv": [0, 6, 2, 8], "texture": "#2"},
				"east": {"uv": [2, 6, 4, 8], "texture": "#2"},
				"south": {"uv": [6, 2, 8, 4], "texture": "#2"},
				"west": {"uv": [6, 4, 8, 6], "texture": "#2"},
				"up": {"uv": [8, 8, 6, 6], "texture": "#2"},
				"down": {"uv": [6, 7, 4, 9], "texture": "#2"}
			}
		},
		{
			"from": [8, 4.9, 5],
			"to": [9, 5.9, 10],
			"rotation": {"angle": -45, "axis": "z", "origin": [8, 5.9, 6]},
			"faces": {
				"north": {"uv": [12, 5, 13, 6], "texture": "#2"},
				"east": {"uv": [4, 0, 9, 1], "texture": "#2"},
				"south": {"uv": [12, 6, 13, 7], "texture": "#2"},
				"west": {"uv": [4, 1, 9, 2], "texture": "#2"},
				"up": {"uv": [5, 7, 4, 2], "texture": "#2"},
				"down": {"uv": [6, 2, 5, 7], "texture": "#2"}
			}
		},
		{
			"from": [7.5, 3.6, 11],
			"to": [8.5, 6.6, 15],
			"rotation": {"angle": 0, "axis": "y", "origin": [7.5, 3.6, 6]},
			"faces": {
				"north": {"uv": [10, 4, 11, 7], "texture": "#2"},
				"east": {"uv": [0, 0, 4, 3], "texture": "#2"},
				"south": {"uv": [6, 10, 7, 13], "texture": "#2"},
				"west": {"uv": [0, 3, 4, 6], "texture": "#2"},
				"up": {"uv": [1, 12, 0, 8], "texture": "#2"},
				"down": {"uv": [2, 8, 1, 12], "texture": "#2"}
			}
		},
		{
			"from": [7, 3.00476, 10.88134],
			"to": [9, 5.00476, 11.88134],
			"rotation": {"angle": 45, "axis": "x", "origin": [8, 4.00476, 11.38134]},
			"faces": {
				"north": {"uv": [2, 8, 4, 10], "texture": "#2"},
				"east": {"uv": [7, 10, 8, 12], "texture": "#2"},
				"south": {"uv": [8, 2, 10, 4], "texture": "#2"},
				"west": {"uv": [10, 7, 11, 9], "texture": "#2"},
				"up": {"uv": [10, 11, 8, 10], "texture": "#2"},
				"down": {"uv": [12, 9, 10, 10], "texture": "#2"}
			}
		},
		{
			"from": [7, 3.09359, 14.04432],
			"to": [9, 5.09359, 15.04432],
			"rotation": {"angle": -45, "axis": "x", "origin": [8, 4.09359, 14.54432]},
			"faces": {
				"north": {"uv": [8, 4, 10, 6], "texture": "#2"},
				"east": {"uv": [10, 10, 11, 12], "texture": "#2"},
				"south": {"uv": [6, 8, 8, 10], "texture": "#2"},
				"west": {"uv": [11, 0, 12, 2], "texture": "#2"},
				"up": {"uv": [6, 12, 4, 11], "texture": "#2"},
				"down": {"uv": [13, 4, 11, 5], "texture": "#2"}
			}
		},
		{
			"from": [7, 5.29359, 14.04432],
			"to": [9, 7.29359, 15.04432],
			"rotation": {"angle": 45, "axis": "x", "origin": [8, 6.29359, 14.54432]},
			"faces": {
				"north": {"uv": [8, 6, 10, 8], "texture": "#2"},
				"east": {"uv": [11, 5, 12, 7], "texture": "#2"},
				"south": {"uv": [8, 8, 10, 10], "texture": "#2"},
				"west": {"uv": [11, 7, 12, 9], "texture": "#2"},
				"up": {"uv": [10, 12, 8, 11], "texture": "#2"},
				"down": {"uv": [13, 10, 11, 11], "texture": "#2"}
			}
		},
		{
			"from": [7, 5.50476, 10.98134],
			"to": [9, 7.50476, 11.98134],
			"rotation": {"angle": -45, "axis": "x", "origin": [8, 6.50476, 11.48134]},
			"faces": {
				"north": {"uv": [9, 0, 11, 2], "texture": "#2"},
				"east": {"uv": [11, 11, 12, 13], "texture": "#2"},
				"south": {"uv": [4, 9, 6, 11], "texture": "#2"},
				"west": {"uv": [0, 12, 1, 14], "texture": "#2"},
				"up": {"uv": [14, 1, 12, 0], "texture": "#2"},
				"down": {"uv": [3, 12, 1, 13], "texture": "#2"}
			}
		},
		{
			"from": [7, 4.3, 10],
			"to": [9, 6.3, 11],
			"rotation": {"angle": 0, "axis": "y", "origin": [8, 3.3, 6]},
			"faces": {
				"north": {"uv": [2, 10, 4, 12], "texture": "#2"},
				"east": {"uv": [12, 1, 13, 3], "texture": "#2"},
				"south": {"uv": [10, 2, 12, 4], "texture": "#2"},
				"west": {"uv": [3, 12, 4, 14], "texture": "#2"},
				"up": {"uv": [14, 4, 12, 3], "texture": "#2"},
				"down": {"uv": [6, 12, 4, 13], "texture": "#2"}
			}
		}
	],
	"display": {
		"thirdperson_righthand": {
			"rotation": [40.25, 0, 0],
			"translation": [0, 2.75, -1],
			"scale": [0.5, 0.5, 0.5]
		},
		"thirdperson_lefthand": {
			"rotation": [40.25, 0, 0],
			"translation": [0, 2.75, -1],
			"scale": [0.5, 0.5, 0.5]
		},
		"firstperson_righthand": {
			"rotation": [-14, -4, 0],
			"translation": [-0.75, 6, 0]
		},
		"firstperson_lefthand": {
			"rotation": [-14, -4, 0],
			"translation": [-0.75, 6, 0]
		},
		"ground": {
			"rotation": [0, 0, 90],
			"translation": [0, 0.75, 0],
			"scale": [0.5, 0.5, 0.5]
		},
		"gui": {
			"rotation": [53, 133, -47],
			"translation": [-2.25, 1.75, 0]
		},
		"head": {
			"translation": [0, 10, -5.5]
		},
		"fixed": {
			"rotation": [-90, 0, 90],
			"translation": [-2.5, -0.75, 0.25]
		}
	},
	"groups": [
		{
			"name": "key",
			"origin": [0, 5.19911, -19.825],
			"color": 0,
			"children": [0, 1, 2, 3, 4, 5, 6, 7]
		}
	]
}