{
	"credit": "Made with Blockbench",
	"textures": {
		"1": "otter:key3"
	},
	"elements": [
		{
			"from": [7.5, 2.7, -9.6],
			"to": [8.5, 3.2, -7.6],
			"rotation": {"angle": 0, "axis": "y", "origin": [0, -0.3, -3.6]},
			"faces": {
				"north": {"uv": [2, 9, 3, 10], "texture": "#1"},
				"east": {"uv": [5, 8, 7, 9], "texture": "#1"},
				"south": {"uv": [3, 9, 4, 10], "texture": "#1"},
				"west": {"uv": [8, 5, 10, 6], "texture": "#1"},
				"up": {"uv": [9, 8, 8, 6], "texture": "#1"},
				"down": {"uv": [8, 8, 7, 10], "texture": "#1"}
			}
		},
		{
			"from": [7.5, 1.8, -9.6],
			"to": [8.5, 2.3, -7.6],
			"rotation": {"angle": 0, "axis": "y", "origin": [0, -0.7, -3.6]},
			"faces": {
				"north": {"uv": [2, 9, 3, 10], "texture": "#1"},
				"east": {"uv": [5, 8, 7, 9], "texture": "#1"},
				"south": {"uv": [3, 9, 4, 10], "texture": "#1"},
				"west": {"uv": [8, 5, 10, 6], "texture": "#1"},
				"up": {"uv": [9, 8, 8, 6], "texture": "#1"},
				"down": {"uv": [8, 8, 7, 10], "texture": "#1"}
			}
		},
		{
			"from": [7.5, 2, -8],
			"to": [8.5, 3, 1],
			"faces": {
				"north": {"uv": [9, 3, 10, 4], "texture": "#1"},
				"east": {"uv": [0, 8, 4, 9], "texture": "#1"},
				"south": {"uv": [9, 4, 10, 5], "texture": "#1"},
				"west": {"uv": [8, 0, 12, 1], "texture": "#1"},
				"up": {"uv": [9, 5, 8, 1], "texture": "#1"},
				"down": {"uv": [5, 8, 4, 12], "texture": "#1"}
			}
		},
		{
			"from": [7.5, 1.5, -8],
			"to": [8.5, 3.5, -7],
			"rotation": {"angle": -45, "axis": "y", "origin": [8, 2.5, -7.5]},
			"faces": {
				"north": {"uv": [8, 8, 9, 10], "texture": "#1"},
				"east": {"uv": [0, 9, 1, 11], "texture": "#1"},
				"south": {"uv": [1, 9, 2, 11], "texture": "#1"},
				"west": {"uv": [9, 1, 10, 3], "texture": "#1"},
				"up": {"uv": [6, 10, 5, 9], "texture": "#1"},
				"down": {"uv": [7, 9, 6, 10], "texture": "#1"}
			}
		},
		{
			"from": [7, 0, 0],
			"to": [9, 4, 4],
			"rotation": {"angle": -45, "axis": "x", "origin": [8, 2.5, 1.5]},
			"faces": {
				"north": {"uv": [4, 0, 6, 4], "texture": "#1"},
				"east": {"uv": [0, 0, 4, 4], "texture": "#1"},
				"south": {"uv": [4, 4, 6, 8], "texture": "#1"},
				"west": {"uv": [0, 4, 4, 8], "texture": "#1"},
				"up": {"uv": [8, 4, 6, 0], "texture": "#1"},
				"down": {"uv": [8, 4, 6, 8], "texture": "#1"}
			}
		}
	],
	"display": {
		"thirdperson_righthand": {
			"translation": [0.25, 6, 4.75]
		},
		"thirdperson_lefthand": {
			"translation": [0.25, 6, 4.75]
		},
		"firstperson_righthand": {
			"rotation": [16, 10, 0],
			"translation": [9.25, 1.75, 3.25]
		},
		"firstperson_lefthand": {
			"rotation": [16, 10, 0],
			"translation": [9.25, 1.75, 3.25]
		},
		"ground": {
			"rotation": [0, 0, 90],
			"translation": [-3, -1, 3],
			"scale": [0.5, 0.5, 0.5]
		},
		"gui": {
			"rotation": [53, 133, -47],
			"translation": [2.75, 8.25, 0]
		},
		"head": {
			"translation": [0, 14.75, 6.25]
		},
		"fixed": {
			"rotation": [-90, 0, 90],
			"translation": [-8, 12.25, 0.75],
			"scale": [1.5, 1.5, 1.5]
		}
	},
	"groups": [
		{
			"name": "key_4",
			"origin": [8, 2.5, -3.1],
			"color": 0,
			"children": [0, 1, 2, 3, 4]
		}
	]
}