{
    "providers":[
        {
            "type":"bitmap",
            "file":"minecraft:guis/menus/pixel.png",
            "ascent":-2000,
            "height":-3,
            "chars":[
                "七"
            ]
        },
        {
            "type":"bitmap",
            "file":"minecraft:guis/menus/battlepassmenu/portal.png",
            "ascent":16,
            "height":130,
            "chars":[
                "ꑇ"
            ]
        },
        {
            "type":"bitmap",
            "file":"minecraft:guis/menus/battlepassmenu/rewards.png",
            "ascent":21,
            "height":136,
            "chars":[
                "ꐦ"
            ]
        },
        {
            "type":"bitmap",
            "file":"minecraft:guis/menus/battlepassmenu/questoverview.png",
            "ascent":21,
            "height":100,
            "chars":[
                "ꐠ"
            ]
        },
        {
            "type":"bitmap",
            "file":"minecraft:guis/menus/battlepassmenu/week.png",
            "ascent":38,
            "height":134,
            "chars":[
                "ꐡ"
            ]
        },
        {
            "type":"bitmap",
            "file":"minecraft:guis/menus/battlepassmenu/dailyquests.png",
            "ascent":21,
            "height":100,
            "chars":[
                "ꐕ"
            ]
        }



    ]
}