{"textures":{"0":"modelengine:entity/piglin_mech_parts"},"elements":[{"from":[7.291667,-4.541664,8.291667],"to":[8.791667,7.458336,9.791667],"faces":{"east":{"uv":[1.78125,8.1875,1.875,8.9375],"tintindex":0,"rotation":0,"texture":"#0"},"south":{"uv":[1.875,8.1875,1.96875,8.9375],"tintindex":0,"rotation":0,"texture":"#0"},"north":{"uv":[6.375,8.15625,6.46875,8.90625],"tintindex":0,"rotation":0,"texture":"#0"},"west":{"uv":[0.375,8.21875,0.46875,8.96875],"tintindex":0,"rotation":0,"texture":"#0"},"up":{"uv":[6.6875,6.4375,6.59375,6.34375],"tintindex":0,"rotation":0,"texture":"#0"},"down":{"uv":[7.4375,5.84375,7.34375,5.9375],"tintindex":0,"rotation":0,"texture":"#0"}}},{"from":[9.291667,-7.541664,5.291667],"to":[14.291667,1.9583359,12.291667],"faces":{"east":{"uv":[0.375,6.03125,0.8125,6.625],"tintindex":0,"rotation":0,"texture":"#0"},"south":{"uv":[3.59375,7.25,3.90625,7.84375],"tintindex":0,"rotation":0,"texture":"#0"},"north":{"uv":[0.0,7.25,0.3125,7.84375],"tintindex":0,"rotation":0,"texture":"#0"},"west":{"uv":[3.78125,6.0625,4.21875,6.65625],"tintindex":0,"rotation":0,"texture":"#0"},"up":{"uv":[3.34375,8.3125,3.03125,7.875],"tintindex":0,"rotation":0,"texture":"#0"},"down":{"uv":[8.21875,1.78125,7.90625,2.21875],"tintindex":0,"rotation":0,"texture":"#0"}}},{"from":[6.791667,-2.0416641,5.291667],"to":[9.291667,1.9583359,10.791667],"faces":{"east":{"uv":[1.0625,3.125,1.40625,3.375],"tintindex":0,"rotation":0,"texture":"#0"},"south":{"uv":[3.21875,7.625,3.375,7.875],"tintindex":0,"rotation":0,"texture":"#0"},"north":{"uv":[1.40625,3.125,1.5625,3.375],"tintindex":0,"rotation":0,"texture":"#0"},"west":{"uv":[3.8125,8.09375,4.15625,8.34375],"tintindex":0,"rotation":0,"texture":"#0"},"up":{"uv":[8.5,7.0,8.34375,6.65625],"tintindex":0,"rotation":0,"texture":"#0"},"down":{"uv":[8.5,8.125,8.34375,8.46875],"tintindex":0,"rotation":0,"texture":"#0"}}},{"from":[7.291667,-4.541664,5.791667],"to":[8.791667,9.458336,7.291667],"faces":{"east":{"uv":[6.03125,7.84375,6.125,8.71875],"tintindex":0,"rotation":0,"texture":"#0"},"south":{"uv":[5.625,8.03125,5.71875,8.90625],"tintindex":0,"rotation":0,"texture":"#0"},"north":{"uv":[1.375,7.46875,1.46875,8.34375],"tintindex":0,"rotation":0,"texture":"#0"},"west":{"uv":[4.65625,8.09375,4.75,8.96875],"tintindex":0,"rotation":0,"texture":"#0"},"up":{"uv":[8.8125,7.53125,8.71875,7.4375],"tintindex":0,"rotation":0,"texture":"#0"},"down":{"uv":[8.8125,7.8125,8.71875,7.90625],"tintindex":0,"rotation":0,"texture":"#0"}}},{"from":[8.791667,-4.541664,8.291667],"to":[9.291667,-2.5416641,9.791667],"faces":{"east":{"uv":[6.59375,6.21875,6.6875,6.34375],"tintindex":0,"rotation":0,"texture":"#0"},"south":{"uv":[0.90625,5.25,0.9375,5.375],"tintindex":0,"rotation":0,"texture":"#0"},"north":{"uv":[0.90625,5.125,0.9375,5.25],"tintindex":0,"rotation":0,"texture":"#0"},"west":{"uv":[0.46875,8.21875,0.5625,8.34375],"tintindex":0,"rotation":0,"texture":"#0"},"up":{"uv":[3.53125,5.25,3.5,5.15625],"tintindex":0,"rotation":0,"texture":"#0"},"down":{"uv":[3.5625,5.15625,3.53125,5.25],"tintindex":0,"rotation":0,"texture":"#0"}}},{"from":[8.791667,-4.541664,5.791667],"to":[9.291667,-2.5416641,7.291667],"faces":{"east":{"uv":[8.46875,2.09375,8.5625,2.21875],"tintindex":0,"rotation":0,"texture":"#0"},"south":{"uv":[1.78125,7.03125,1.8125,7.15625],"tintindex":0,"rotation":0,"texture":"#0"},"north":{"uv":[6.34375,4.0,6.375,4.125],"tintindex":0,"rotation":0,"texture":"#0"},"west":{"uv":[1.5625,8.71875,1.65625,8.84375],"tintindex":0,"rotation":0,"texture":"#0"},"up":{"uv":[5.71875,1.0,5.6875,0.90625],"tintindex":0,"rotation":0,"texture":"#0"},"down":{"uv":[5.71875,4.8125,5.6875,4.90625],"tintindex":0,"rotation":0,"texture":"#0"}}}],"display":{"gui":{"rotation":[30,225,0]}}}