{"textures":{"0":"modelengine:entity/piglin_mech_parts"},"elements":[{"from":[-5.333334,11.0,1.6666665],"to":[-3.333334,13.0,14.0],"faces":{"east":{"uv":[7.0,0.21875,8.15625,0.40625],"tintindex":0,"rotation":0,"texture":"#0"},"south":{"uv":[8.5625,0.59375,8.75,0.78125],"tintindex":0,"rotation":0,"texture":"#0"},"north":{"uv":[8.53125,7.875,8.71875,8.0625],"tintindex":0,"rotation":0,"texture":"#0"},"west":{"uv":[7.0,0.40625,8.15625,0.59375],"tintindex":0,"rotation":0,"texture":"#0"},"up":{"uv":[6.34375,8.15625,6.15625,7.0],"tintindex":0,"rotation":0,"texture":"#0"},"down":{"uv":[6.53125,7.0,6.34375,8.15625],"tintindex":0,"rotation":0,"texture":"#0"}}},{"from":[-2.0,13.0,0.6666665],"to":[2.6666665,17.0,14.666667],"faces":{"east":{"uv":[4.375,4.15625,5.6875,4.53125],"tintindex":0,"rotation":0,"texture":"#0"},"south":{"uv":[7.71875,6.84375,8.15625,7.21875],"tintindex":0,"rotation":0,"texture":"#0"},"north":{"uv":[6.6875,7.71875,7.125,8.09375],"tintindex":0,"rotation":0,"texture":"#0"},"west":{"uv":[4.375,4.53125,5.6875,4.90625],"tintindex":0,"rotation":0,"texture":"#0"},"up":{"uv":[2.4375,4.6875,2.0,3.375],"tintindex":0,"rotation":0,"texture":"#0"},"down":{"uv":[1.375,4.0625,0.9375,5.375],"tintindex":0,"rotation":0,"texture":"#0"}}},{"from":[-7.666667,9.333333,9.666667],"to":[8.666667,13.0,11.666667],"faces":{"east":{"uv":[6.46875,8.25,6.65625,8.59375],"tintindex":0,"rotation":0,"texture":"#0"},"south":{"uv":[4.375,3.8125,5.90625,4.15625],"tintindex":0,"rotation":0,"texture":"#0"},"north":{"uv":[3.8125,1.59375,5.34375,1.9375],"tintindex":0,"rotation":0,"texture":"#0"},"west":{"uv":[7.125,8.25,7.3125,8.59375],"tintindex":0,"rotation":0,"texture":"#0"},"up":{"uv":[7.53125,3.6875,6.0,3.5],"tintindex":0,"rotation":0,"texture":"#0"},"down":{"uv":[7.5625,1.25,6.03125,1.4375],"tintindex":0,"rotation":0,"texture":"#0"}},"rotation":{"origin":[1.0,11.166667,10.666667],"angle":-22.5,"axis":"z"}},{"from":[-7.666667,9.333333,4.0],"to":[8.666667,13.0,6.0],"faces":{"east":{"uv":[8.15625,6.84375,8.34375,7.1875],"tintindex":0,"rotation":0,"texture":"#0"},"south":{"uv":[4.375,3.8125,5.90625,4.15625],"tintindex":0,"rotation":0,"texture":"#0"},"north":{"uv":[3.8125,1.59375,5.34375,1.9375],"tintindex":0,"rotation":0,"texture":"#0"},"west":{"uv":[8.21875,1.78125,8.40625,2.125],"tintindex":0,"rotation":0,"texture":"#0"},"up":{"uv":[7.4375,4.0,5.90625,3.8125],"tintindex":0,"rotation":0,"texture":"#0"},"down":{"uv":[7.53125,3.3125,6.0,3.5],"tintindex":0,"rotation":0,"texture":"#0"}},"rotation":{"origin":[1.0,11.166667,5.0],"angle":-22.5,"axis":"z"}},{"from":[-9.0,12.333334,6.0],"to":[1.6666665,16.333334,9.666667],"faces":{"east":{"uv":[7.90625,7.40625,8.25,7.78125],"tintindex":0,"rotation":0,"texture":"#0"},"south":{"uv":[1.375,5.0,2.375,5.375],"tintindex":0,"rotation":0,"texture":"#0"},"north":{"uv":[4.75,4.90625,5.75,5.28125],"tintindex":0,"rotation":0,"texture":"#0"},"west":{"uv":[7.5625,7.90625,7.90625,8.28125],"tintindex":0,"rotation":0,"texture":"#0"},"up":{"uv":[6.75,1.25,5.75,0.90625],"tintindex":0,"rotation":0,"texture":"#0"},"down":{"uv":[6.75,4.65625,5.75,5.0],"tintindex":0,"rotation":0,"texture":"#0"}}},{"from":[0.6666665,11.333334,4.6666665],"to":[3.333333,18.333334,11.0],"faces":{"east":{"uv":[3.5625,4.59375,4.15625,5.25],"tintindex":0,"rotation":0,"texture":"#0"},"south":{"uv":[4.40625,7.625,4.65625,8.28125],"tintindex":0,"rotation":0,"texture":"#0"},"north":{"uv":[4.15625,7.625,4.40625,8.28125],"tintindex":0,"rotation":0,"texture":"#0"},"west":{"uv":[4.15625,4.90625,4.75,5.5625],"tintindex":0,"rotation":0,"texture":"#0"},"up":{"uv":[4.71875,6.15625,4.46875,5.5625],"tintindex":0,"rotation":0,"texture":"#0"},"down":{"uv":[0.25,7.84375,0.0,8.4375],"tintindex":0,"rotation":0,"texture":"#0"}}}],"display":{"gui":{"rotation":[30,225,0]}}}