{"textures":{"0":"modelengine:entity/piglin_mech_parts"},"elements":[{"from":[7.0,4.0,6.0],"to":[8.0,8.0,10.0],"faces":{"east":{"uv":[1.4375,8.71875,1.5625,8.84375],"tintindex":0,"rotation":0,"texture":"#0"},"south":{"uv":[7.53125,7.96875,7.5625,8.09375],"tintindex":0,"rotation":0,"texture":"#0"},"north":{"uv":[6.125,7.96875,6.15625,8.09375],"tintindex":0,"rotation":0,"texture":"#0"},"west":{"uv":[8.71875,2.125,8.84375,2.25],"tintindex":0,"rotation":0,"texture":"#0"},"up":{"uv":[3.375,8.125,3.34375,8.0],"tintindex":0,"rotation":0,"texture":"#0"},"down":{"uv":[7.5625,8.09375,7.53125,8.21875],"tintindex":0,"rotation":0,"texture":"#0"}}}],"display":{"gui":{"rotation":[30,225,0]}}}