{"textures":{"0":"modelengine:entity/piglin_mech_parts"},"elements":[{"from":[6.0,8.0,3.0],"to":[10.0,11.0,4.0],"faces":{"east":{"uv":[5.71875,0.90625,5.75,1.0],"tintindex":0,"rotation":0,"texture":"#0"},"south":{"uv":[8.71875,7.34375,8.84375,7.4375],"tintindex":0,"rotation":0,"texture":"#0"},"north":{"uv":[8.71875,7.0625,8.84375,7.15625],"tintindex":0,"rotation":0,"texture":"#0"},"west":{"uv":[5.71875,4.8125,5.75,4.90625],"tintindex":0,"rotation":0,"texture":"#0"},"up":{"uv":[5.0,2.5625,4.875,2.53125],"tintindex":0,"rotation":0,"texture":"#0"},"down":{"uv":[5.09375,1.5625,4.96875,1.59375],"tintindex":0,"rotation":0,"texture":"#0"}}},{"from":[4.0,8.0,4.0],"to":[12.0,15.0,12.0],"faces":{"east":{"uv":[8.28125,7.90625,8.53125,8.125],"tintindex":0,"rotation":0,"texture":"#0"},"south":{"uv":[3.8125,8.34375,4.0625,8.5625],"tintindex":0,"rotation":0,"texture":"#0"},"north":{"uv":[8.125,2.875,8.375,3.09375],"tintindex":0,"rotation":0,"texture":"#0"},"west":{"uv":[5.0625,8.34375,5.3125,8.5625],"tintindex":0,"rotation":0,"texture":"#0"},"up":{"uv":[8.5,7.65625,8.25,7.40625],"tintindex":0,"rotation":0,"texture":"#0"},"down":{"uv":[1.71875,8.28125,1.46875,8.53125],"tintindex":0,"rotation":0,"texture":"#0"}}}],"display":{"gui":{"rotation":[30,225,0]}}}