{"textures":{"0":"modelengine:entity/piglin_mech_parts"},"elements":[{"from":[4.0,8.0,6.0],"to":[12.0,19.0,10.0],"faces":{"east":{"uv":[8.21875,8.375,8.34375,8.71875],"tintindex":0,"rotation":0,"texture":"#0"},"south":{"uv":[3.5625,8.09375,3.8125,8.4375],"tintindex":0,"rotation":0,"texture":"#0"},"north":{"uv":[5.375,8.03125,5.625,8.375],"tintindex":0,"rotation":0,"texture":"#0"},"west":{"uv":[3.5625,8.4375,3.6875,8.78125],"tintindex":0,"rotation":0,"texture":"#0"},"up":{"uv":[4.46875,6.1875,4.21875,6.0625],"tintindex":0,"rotation":0,"texture":"#0"},"down":{"uv":[8.8125,4.71875,8.5625,4.84375],"tintindex":0,"rotation":0,"texture":"#0"}}}],"display":{"gui":{"rotation":[30,225,0]}}}