{"textures":{"0":"modelengine:entity/kazk_ground_hole"},"elements":[{"from":[1.5,2.5,2.0],"to":[14.5,13.5,14.0],"faces":{"east":{"uv":[6.0,5.75,7.5,7.125],"tintindex":0,"rotation":0,"texture":"#0"},"south":{"uv":[6.0,4.375,7.625,5.75],"tintindex":0,"rotation":0,"texture":"#0"},"north":{"uv":[6.0,3.0,7.625,4.375],"tintindex":0,"rotation":0,"texture":"#0"},"west":{"uv":[6.0,7.125,7.5,8.5],"tintindex":0,"rotation":0,"texture":"#0"},"up":{"uv":[7.625,1.5,6.0,0.0],"tintindex":0,"rotation":0,"texture":"#0"},"down":{"uv":[7.625,1.5,6.0,3.0],"tintindex":0,"rotation":0,"texture":"#0"}}}],"display":{"gui":{"rotation":[30,225,0]}}}