{"textures":{"0":"modelengine:entity/kazk_ground_hole"},"elements":[{"from":[8.0,8.0,-16.0],"to":[32.0,8.0,8.0],"faces":{"up":{"uv":[6.0,6.0,0.0,0.0],"tintindex":0,"rotation":0,"texture":"#0"},"down":{"uv":[6.0,6.0,0.0,12.0],"tintindex":0,"rotation":0,"texture":"#0"}}},{"from":[8.0,8.0,8.0],"to":[32.0,8.0,32.0],"faces":{"up":{"uv":[6.0,6.0,0.0,0.0],"tintindex":0,"rotation":90,"texture":"#0"},"down":{"uv":[6.0,6.0,0.0,12.0],"tintindex":0,"rotation":270,"texture":"#0"}}},{"from":[-16.0,8.0,-16.0],"to":[8.0,8.0,8.0],"faces":{"up":{"uv":[6.0,6.0,0.0,0.0],"tintindex":0,"rotation":270,"texture":"#0"},"down":{"uv":[6.0,6.0,0.0,12.0],"tintindex":0,"rotation":90,"texture":"#0"}},"rotation":{"origin":[8.0,8.0,8.0],"angle":0.0,"axis":"y"}},{"from":[-16.0,8.0,8.0],"to":[8.0,8.0,32.0],"faces":{"up":{"uv":[6.0,6.0,0.0,0.0],"tintindex":0,"rotation":180,"texture":"#0"},"down":{"uv":[6.0,6.0,0.0,12.0],"tintindex":0,"rotation":180,"texture":"#0"}},"rotation":{"origin":[8.0,8.0,8.0],"angle":0.0,"axis":"y"}}],"display":{"gui":{"rotation":[30,225,0]}}}