{"textures":{"0":"modelengine:entity/kazk_ground_hole"},"elements":[{"from":[5.0,5.5,5.0],"to":[11.0,10.5,11.0],"faces":{"east":{"uv":[7.25,8.75,8.0,9.375],"tintindex":0,"rotation":0,"texture":"#0"},"south":{"uv":[9.125,7.0,9.875,7.625],"tintindex":0,"rotation":0,"texture":"#0"},"north":{"uv":[8.75,6.375,9.5,7.0],"tintindex":0,"rotation":0,"texture":"#0"},"west":{"uv":[9.125,7.625,9.875,8.25],"tintindex":0,"rotation":0,"texture":"#0"},"up":{"uv":[9.25,2.875,8.5,2.125],"tintindex":0,"rotation":0,"texture":"#0"},"down":{"uv":[9.25,2.875,8.5,3.625],"tintindex":0,"rotation":0,"texture":"#0"}}}],"display":{"gui":{"rotation":[30,225,0]}}}