{"textures":{"0":"modelengine:entity/kazk_ground_hole"},"elements":[{"from":[5.5,5.0,5.0],"to":[10.5,11.0,11.0],"faces":{"east":{"uv":[8.5,0.625,9.25,1.375],"tintindex":0,"rotation":0,"texture":"#0"},"south":{"uv":[6.625,8.5,7.25,9.25],"tintindex":0,"rotation":0,"texture":"#0"},"north":{"uv":[6.0,8.5,6.625,9.25],"tintindex":0,"rotation":0,"texture":"#0"},"west":{"uv":[8.5,1.375,9.25,2.125],"tintindex":0,"rotation":0,"texture":"#0"},"up":{"uv":[9.25,5.625,8.625,4.875],"tintindex":0,"rotation":0,"texture":"#0"},"down":{"uv":[9.375,5.625,8.75,6.375],"tintindex":0,"rotation":0,"texture":"#0"}}}],"display":{"gui":{"rotation":[30,225,0]}}}