{"textures":{"0":"modelengine:entity/kazk_ground_hole"},"elements":[{"from":[4.5,5.5,4.0],"to":[11.5,10.5,12.0],"faces":{"east":{"uv":[7.625,5.0,8.625,5.625],"tintindex":0,"rotation":0,"texture":"#0"},"south":{"uv":[8.5,4.25,9.375,4.875],"tintindex":0,"rotation":0,"texture":"#0"},"north":{"uv":[8.5,3.625,9.375,4.25],"tintindex":0,"rotation":0,"texture":"#0"},"west":{"uv":[8.5,0.0,9.5,0.625],"tintindex":0,"rotation":0,"texture":"#0"},"up":{"uv":[8.5,2.25,7.625,1.25],"tintindex":0,"rotation":0,"texture":"#0"},"down":{"uv":[8.5,2.25,7.625,3.25],"tintindex":0,"rotation":0,"texture":"#0"}}}],"display":{"gui":{"rotation":[30,225,0]}}}