{"textures":{"0":"modelengine:entity/kazk_ground_hole"},"elements":[{"from":[5.0,7.0,4.5],"to":[11.0,9.0,11.5],"faces":{"east":{"uv":[9.125,8.25,10.0,8.5],"tintindex":0,"rotation":0,"texture":"#0"},"south":{"uv":[9.125,9.0,9.875,9.25],"tintindex":0,"rotation":0,"texture":"#0"},"north":{"uv":[9.125,8.75,9.875,9.0],"tintindex":0,"rotation":0,"texture":"#0"},"west":{"uv":[9.125,8.5,10.0,8.75],"tintindex":0,"rotation":0,"texture":"#0"},"up":{"uv":[9.125,8.375,8.375,7.5],"tintindex":0,"rotation":0,"texture":"#0"},"down":{"uv":[9.125,8.375,8.375,9.25],"tintindex":0,"rotation":0,"texture":"#0"}}}],"display":{"gui":{"rotation":[30,225,0]}}}