{
    "parent":"item/generated",
    "textures":{
        "layer0":"item/paper"
    },
    "overrides":[
        { "predicate": { "custom_model_data": 3301}, "model": "item/icons/battlepass/chest"},
        { "predicate": { "custom_model_data": 3302}, "model": "item/icons/battlepass/chestopen"},
        { "predicate": { "custom_model_data": 3303}, "model": "item/icons/battlepass/chestfull"},
        { "predicate": { "custom_model_data": 3304}, "model": "item/icons/battlepass/chestdark"},
        { "predicate": { "custom_model_data": 3305}, "model": "item/icons/battlepass/book"},
        { "predicate": { "custom_model_data": 3306}, "model": "item/icons/battlepass/bookdark"},
        { "predicate": { "custom_model_data": 4001}, "model": "item/icons/battlepass/green"},
        { "predicate": { "custom_model_data": 4002}, "model": "item/icons/battlepass/yellow"},
        { "predicate": { "custom_model_data": 4003}, "model": "item/icons/battlepass/red"},
        { "predicate": { "custom_model_data":110007 }, "model": "blank:auto_generated/blank"}
    ]
}