{
	"credit": "Made with Blockbench",
	"textures": {
		"0": "modelengine:entity/piglinmech_laser",
		"particle": "modelengine:entity/piglinmech_laser"
	},
	"elements": [
		{
			"from": [6.5, 8, 6.5],
			"to": [9.5, 11, 9.5],
			"rotation": {"angle": 0, "axis": "y", "origin": [-4, 0, -4]},
			"faces": {
				"north": {"uv": [0, 0, 2, 2], "texture": "#0"},
				"east": {"uv": [0, 0, 2, 2], "texture": "#0"},
				"south": {"uv": [0, 0, 2, 2], "texture": "#0"},
				"west": {"uv": [0, 0, 2, 2], "texture": "#0"},
				"up": {"uv": [0, 0, 2, 2], "texture": "#0"},
				"down": {"uv": [0, 0, 2, 2], "texture": "#0"}
			}
		},
		{
			"name": "cube inverted",
			"from": [10, 11.5, 10],
			"to": [6, 7.5, 6],
			"rotation": {"angle": 0, "axis": "y", "origin": [-4, 0, -4]},
			"faces": {
				"north": {"uv": [4, 3, 7, 0], "texture": "#0"},
				"east": {"uv": [4, 3, 7, 0], "texture": "#0"},
				"south": {"uv": [4, 3, 7, 0], "texture": "#0"},
				"west": {"uv": [4, 3, 7, 0], "texture": "#0"},
				"up": {"uv": [7, 0, 4, 3], "texture": "#0"},
				"down": {"uv": [7, 0, 4, 3], "texture": "#0"}
			}
		}
	],
	"display": {}
}