{"overrides":[{"predicate":{"custom_model_data":1},"model":"modelengine:kazk_queen/body_segment_1"},{"predicate":{"custom_model_data":2},"model":"modelengine:kazk_queen/chest"},{"predicate":{"custom_model_data":3},"model":"modelengine:kazk_queen/body_segment_2"},{"predicate":{"custom_model_data":4},"model":"modelengine:kazk_queen/top_arm_left"},{"predicate":{"custom_model_data":5},"model":"modelengine:kazk_queen/neck_3"},{"predicate":{"custom_model_data":6},"model":"modelengine:kazk_queen/bottom_arm_right"},{"predicate":{"custom_model_data":7},"model":"modelengine:kazk_queen/top_arm_right"},{"predicate":{"custom_model_data":8},"model":"modelengine:kazk_queen/bottom_arm_left"},{"predicate":{"custom_model_data":9},"model":"modelengine:kazk_queen/body_segment_big_1"},{"predicate":{"custom_model_data":10},"model":"modelengine:kazk_queen/top_forearm_left"},{"predicate":{"custom_model_data":11},"model":"modelengine:kazk_queen/neck_2"},{"predicate":{"custom_model_data":12},"model":"modelengine:kazk_queen/bottom_forearm_right"},{"predicate":{"custom_model_data":13},"model":"modelengine:kazk_queen/top_forearm_right"},{"predicate":{"custom_model_data":14},"model":"modelengine:kazk_queen/bottom_forearm_left"},{"predicate":{"custom_model_data":15},"model":"modelengine:kazk_queen/body_segment_big_2"},{"predicate":{"custom_model_data":16},"model":"modelengine:kazk_queen/top_blade_left"},{"predicate":{"custom_model_data":17},"model":"modelengine:kazk_queen/neck_1"},{"predicate":{"custom_model_data":18},"model":"modelengine:kazk_queen/bottom_blade_right"},{"predicate":{"custom_model_data":19},"model":"modelengine:kazk_queen/top_blade_right"},{"predicate":{"custom_model_data":20},"model":"modelengine:kazk_queen/bottom_blade_left"},{"predicate":{"custom_model_data":21},"model":"modelengine:kazk_queen/body_segment_big_3"},{"predicate":{"custom_model_data":22},"model":"modelengine:kazk_queen/head"},{"predicate":{"custom_model_data":23},"model":"modelengine:kazk_queen/body_segment_big_4"},{"predicate":{"custom_model_data":24},"model":"modelengine:kazk_queen/mandible_left"},{"predicate":{"custom_model_data":25},"model":"modelengine:kazk_queen/mandible_right"},{"predicate":{"custom_model_data":26},"model":"modelengine:kazk_queen/jaw"},{"predicate":{"custom_model_data":27},"model":"modelengine:kazk_queen/antennae_right_1"},{"predicate":{"custom_model_data":28},"model":"modelengine:kazk_queen/head_glow"},{"predicate":{"custom_model_data":29},"model":"modelengine:kazk_queen/antennae_left_1"},{"predicate":{"custom_model_data":30},"model":"modelengine:kazk_queen/body_segment_3"},{"predicate":{"custom_model_data":31},"model":"modelengine:kazk_queen/antennae_right_2"},{"predicate":{"custom_model_data":32},"model":"modelengine:kazk_queen/antennae_left_2"},{"predicate":{"custom_model_data":33},"model":"modelengine:kazk_queen/tail_segment"},{"predicate":{"custom_model_data":34},"model":"modelengine:kazk_queen/antennae_right_3"},{"predicate":{"custom_model_data":35},"model":"modelengine:kazk_queen/antennae_left_3"},{"predicate":{"custom_model_data":36},"model":"modelengine:kazk_queen/tail_mandible_left"},{"predicate":{"custom_model_data":37},"model":"modelengine:kazk_queen/tail_mandible_right"},{"predicate":{"custom_model_data":38},"model":"modelengine:kazk_queen/antennae_right_4"},{"predicate":{"custom_model_data":39},"model":"modelengine:kazk_queen/antennae_left_4"},{"predicate":{"custom_model_data":40},"model":"modelengine:kazk_queen_hole/ground_plane"},{"predicate":{"custom_model_data":41},"model":"modelengine:kazk_queen_hole/ground_cube_19"},{"predicate":{"custom_model_data":42},"model":"modelengine:kazk_queen_hole/ground_cube_18"},{"predicate":{"custom_model_data":43},"model":"modelengine:kazk_queen_hole/ground_cube_17"},{"predicate":{"custom_model_data":44},"model":"modelengine:kazk_queen_hole/ground_cube_3"},{"predicate":{"custom_model_data":45},"model":"modelengine:kazk_queen_hole/ground_cube_16"},{"predicate":{"custom_model_data":46},"model":"modelengine:kazk_queen_hole/ground_cube_15"},{"predicate":{"custom_model_data":47},"model":"modelengine:kazk_queen_hole/ground_cube_2"},{"predicate":{"custom_model_data":48},"model":"modelengine:kazk_queen_hole/ground_cube_5"},{"predicate":{"custom_model_data":49},"model":"modelengine:kazk_queen_hole/ground_cube_14"},{"predicate":{"custom_model_data":50},"model":"modelengine:kazk_queen_hole/ground_cube_4"},{"predicate":{"custom_model_data":51},"model":"modelengine:kazk_queen_hole/ground_cube_13"},{"predicate":{"custom_model_data":52},"model":"modelengine:kazk_queen_hole/ground_cube_7"},{"predicate":{"custom_model_data":53},"model":"modelengine:kazk_queen_hole/ground_cube_12"},{"predicate":{"custom_model_data":54},"model":"modelengine:kazk_queen_hole/ground_cube_6"},{"predicate":{"custom_model_data":55},"model":"modelengine:kazk_queen_hole/ground_cube_11"},{"predicate":{"custom_model_data":56},"model":"modelengine:kazk_queen_hole/ground_cube_9"},{"predicate":{"custom_model_data":57},"model":"modelengine:kazk_queen_hole/ground_cube_10"},{"predicate":{"custom_model_data":58},"model":"modelengine:kazk_queen_hole/ground_cube_8"},{"predicate":{"custom_model_data":59},"model":"modelengine:kazk_queen_hole/ground_cube_1"},{"predicate":{"custom_model_data":60},"model":"modelengine:kazk_queen_slash_fx/ground"},{"predicate":{"custom_model_data":61},"model":"modelengine:kazk_queen_slash_fx/fx_1"},{"predicate":{"custom_model_data":62},"model":"modelengine:kazk_queen_slash_fx/fx_2"},{"predicate":{"custom_model_data":63},"model":"modelengine:kazk_queen_slash_fx/fx_3"},{"predicate":{"custom_model_data":64},"model":"modelengine:piglin_mech/pelvis"},{"predicate":{"custom_model_data":65},"model":"modelengine:piglin_mech/torso"},{"predicate":{"custom_model_data":66},"model":"modelengine:piglin_mech/right_leg_thigh"},{"predicate":{"custom_model_data":67},"model":"modelengine:piglin_mech/left_leg_thigh"},{"predicate":{"custom_model_data":68},"model":"modelengine:piglin_mech/left_arm_shoulder"},{"predicate":{"custom_model_data":69},"model":"modelengine:piglin_mech/engine"},{"predicate":{"custom_model_data":70},"model":"modelengine:piglin_mech/right_arm_shoulder"},{"predicate":{"custom_model_data":71},"model":"modelengine:piglin_mech/left_lever"},{"predicate":{"custom_model_data":72},"model":"modelengine:piglin_mech/gear_big"},{"predicate":{"custom_model_data":73},"model":"modelengine:piglin_mech/piglin_torso"},{"predicate":{"custom_model_data":74},"model":"modelengine:piglin_mech/right_lever"},{"predicate":{"custom_model_data":75},"model":"modelengine:piglin_mech/gear_small"},{"predicate":{"custom_model_data":76},"model":"modelengine:piglin_mech/right_leg_shin"},{"predicate":{"custom_model_data":77},"model":"modelengine:piglin_mech/left_leg_shin"},{"predicate":{"custom_model_data":78},"model":"modelengine:piglin_mech/left_arm_bicep"},{"predicate":{"custom_model_data":79},"model":"modelengine:piglin_mech/fire"},{"predicate":{"custom_model_data":80},"model":"modelengine:piglin_mech/right_arm_bicep"},{"predicate":{"custom_model_data":81},"model":"modelengine:piglin_mech/piglin_left_leg"},{"predicate":{"custom_model_data":82},"model":"modelengine:piglin_mech/piglin_left_arm"},{"predicate":{"custom_model_data":83},"model":"modelengine:piglin_mech/piglin_head"},{"predicate":{"custom_model_data":84},"model":"modelengine:piglin_mech/piglin_right_leg"},{"predicate":{"custom_model_data":85},"model":"modelengine:piglin_mech/piglin_right_arm"},{"predicate":{"custom_model_data":86},"model":"modelengine:piglin_mech/right_foot_toe_1"},{"predicate":{"custom_model_data":87},"model":"modelengine:piglin_mech/right_foot_toe_2"},{"predicate":{"custom_model_data":88},"model":"modelengine:piglin_mech/right_foot_toe_3"},{"predicate":{"custom_model_data":89},"model":"modelengine:piglin_mech/left_foot_toe_2"},{"predicate":{"custom_model_data":90},"model":"modelengine:piglin_mech/left_foot_toe_1"},{"predicate":{"custom_model_data":91},"model":"modelengine:piglin_mech/right_foot_toe_5"},{"predicate":{"custom_model_data":92},"model":"modelengine:piglin_mech/right_foot_toe_6"},{"predicate":{"custom_model_data":93},"model":"modelengine:piglin_mech/left_foot_toe_3"},{"predicate":{"custom_model_data":94},"model":"modelengine:piglin_mech/left_arm_forearm"},{"predicate":{"custom_model_data":95},"model":"modelengine:piglin_mech/right_arm_forearm"},{"predicate":{"custom_model_data":96},"model":"modelengine:piglin_mech/piglin_right_ear"},{"predicate":{"custom_model_data":97},"model":"modelengine:piglin_mech/piglin_left_ear"},{"predicate":{"custom_model_data":98},"model":"modelengine:piglin_mech/left_arm_hand"},{"predicate":{"custom_model_data":99},"model":"modelengine:piglin_mech/right_arm_hand"},{"predicate":{"custom_model_data":100},"model":"modelengine:piglin_mech/left_arm_finger_1_4"},{"predicate":{"custom_model_data":101},"model":"modelengine:piglin_mech/left_arm_finger_1_2"},{"predicate":{"custom_model_data":102},"model":"modelengine:piglin_mech/left_arm_finger_1_0"},{"predicate":{"custom_model_data":103},"model":"modelengine:piglin_mech/right_arm_finger_1_2"},{"predicate":{"custom_model_data":104},"model":"modelengine:piglin_mech/right_arm_finger_1_4"},{"predicate":{"custom_model_data":105},"model":"modelengine:piglin_mech/right_arm_finger_1_0"},{"predicate":{"custom_model_data":106},"model":"modelengine:piglin_mech/left_arm_finger_1_5"},{"predicate":{"custom_model_data":107},"model":"modelengine:piglin_mech/left_arm_finger_1_3"},{"predicate":{"custom_model_data":108},"model":"modelengine:piglin_mech/left_arm_finger_1_1"},{"predicate":{"custom_model_data":109},"model":"modelengine:piglin_mech/right_arm_finger_1_3"},{"predicate":{"custom_model_data":110},"model":"modelengine:piglin_mech/right_arm_finger_1_5"},{"predicate":{"custom_model_data":111},"model":"modelengine:piglin_mech/right_arm_finger_1_1"},{"predicate":{"custom_model_data":112},"model":"modelengine:piglin_mech_ground_fx/rock_1"},{"predicate":{"custom_model_data":113},"model":"modelengine:piglin_mech_ground_fx/dust_circle_1"},{"predicate":{"custom_model_data":114},"model":"modelengine:piglin_mech_ground_fx/dust_circle_2"},{"predicate":{"custom_model_data":115},"model":"modelengine:piglin_mech_ground_fx/rock_4"},{"predicate":{"custom_model_data":116},"model":"modelengine:piglin_mech_ground_fx/dust_circle_3"},{"predicate":{"custom_model_data":117},"model":"modelengine:piglin_mech_ground_fx/rock_3"},{"predicate":{"custom_model_data":118},"model":"modelengine:piglin_mech_ground_fx/rock_2"},{"predicate":{"custom_model_data":119},"model":"modelengine:piglin_mech_ground_fx/dust_4"},{"predicate":{"custom_model_data":120},"model":"modelengine:piglin_mech_ground_fx/dust_3"},{"predicate":{"custom_model_data":121},"model":"modelengine:piglin_mech_ground_fx/dust_2"},{"predicate":{"custom_model_data":122},"model":"modelengine:piglin_mech_ground_fx/dust_1"},{"predicate":{"custom_model_data":123},"model":"modelengine:piglin_mech_ground_fx/ground_cracks"},{"predicate":{"custom_model_data":124},"model":"modelengine:piglin_mech_parts/torso"},{"predicate":{"custom_model_data":125},"model":"modelengine:piglin_mech_parts/right_leg_thigh"},{"predicate":{"custom_model_data":126},"model":"modelengine:piglin_mech_parts/left_arm_shoulder"},{"predicate":{"custom_model_data":127},"model":"modelengine:piglin_mech_parts/engine"},{"predicate":{"custom_model_data":128},"model":"modelengine:piglin_mech_parts/gear_big"},{"predicate":{"custom_model_data":129},"model":"modelengine:piglin_mech_parts/piglin_torso"},{"predicate":{"custom_model_data":130},"model":"modelengine:piglin_mech_parts/left_arm_bicep"},{"predicate":{"custom_model_data":131},"model":"modelengine:piglin_mech_parts/piglin_left_arm"},{"predicate":{"custom_model_data":132},"model":"modelengine:piglin_mech_parts/piglin_head"},{"predicate":{"custom_model_data":133},"model":"modelengine:piglin_mech_parts/piglin_left_ear"},{"predicate":{"custom_model_data":134},"model":"modelengine:piglinmech_dust_fx/hexadecagon"},{"predicate":{"custom_model_data":135},"model":"modelengine:piglinmech_explosion_fx/hexadecagon"},{"predicate":{"custom_model_data":136},"model":"modelengine:piglinmech_explosion_fx/hexadecagon3"},{"predicate":{"custom_model_data":137},"model":"modelengine:piglinmech_explosion_fx/explosion_planes"},{"predicate":{"custom_model_data":138},"model":"modelengine:piglinmech_explosion_fx/hexadecagon2"},{"predicate":{"custom_model_data":139},"model":"modelengine:lrd_hollow_keeper/gib_minecart"},{"predicate":{"custom_model_data":140},"model":"modelengine:lrd_hollow_keeper/gib_rib_3"},{"predicate":{"custom_model_data":141},"model":"modelengine:lrd_hollow_keeper/gib_left_thigh"},{"predicate":{"custom_model_data":142},"model":"modelengine:lrd_hollow_keeper/gib_right_thigh"},{"predicate":{"custom_model_data":143},"model":"modelengine:lrd_hollow_keeper/gib_rib_2"},{"predicate":{"custom_model_data":144},"model":"modelengine:lrd_hollow_keeper/souls"},{"predicate":{"custom_model_data":145},"model":"modelengine:lrd_hollow_keeper/rib_1_left3"},{"predicate":{"custom_model_data":146},"model":"modelengine:lrd_hollow_keeper/rib_1_right3"},{"predicate":{"custom_model_data":147},"model":"modelengine:lrd_hollow_keeper/arrow"},{"predicate":{"custom_model_data":148},"model":"modelengine:lrd_hollow_keeper/arrow2"},{"predicate":{"custom_model_data":149},"model":"modelengine:lrd_hollow_keeper/gib_right_shin"},{"predicate":{"custom_model_data":150},"model":"modelengine:lrd_hollow_keeper/gib_left_shin"},{"predicate":{"custom_model_data":151},"model":"modelengine:lrd_hollow_keeper/rib_1_left2"},{"predicate":{"custom_model_data":152},"model":"modelengine:lrd_hollow_keeper/rib_1_right2"},{"predicate":{"custom_model_data":153},"model":"modelengine:lrd_hollow_keeper/gib_rib_1"},{"predicate":{"custom_model_data":154},"model":"modelengine:lrd_hollow_keeper/gib_right_foot"},{"predicate":{"custom_model_data":155},"model":"modelengine:lrd_hollow_keeper/gib_left_foot"},{"predicate":{"custom_model_data":156},"model":"modelengine:lrd_hollow_keeper/gib_head"},{"predicate":{"custom_model_data":157},"model":"modelengine:lrd_hollow_keeper/rib_1_right"},{"predicate":{"custom_model_data":158},"model":"modelengine:lrd_hollow_keeper/rib_1_left"},{"predicate":{"custom_model_data":159},"model":"modelengine:lrd_hollow_keeper/gib_left_bicep"},{"predicate":{"custom_model_data":160},"model":"modelengine:lrd_hollow_keeper/gib_right_bicep"},{"predicate":{"custom_model_data":161},"model":"modelengine:lrd_hollow_keeper/octagon2"},{"predicate":{"custom_model_data":162},"model":"modelengine:lrd_hollow_keeper/gib_left_forearm"},{"predicate":{"custom_model_data":163},"model":"modelengine:lrd_hollow_keeper/gib_left_shoulder"},{"predicate":{"custom_model_data":164},"model":"modelengine:lrd_hollow_keeper/gib_right_forearm"},{"predicate":{"custom_model_data":165},"model":"modelengine:lrd_hollow_keeper/gib_right_shoulder"},{"predicate":{"custom_model_data":166},"model":"modelengine:lrd_hollow_keeper/bone3"},{"predicate":{"custom_model_data":167},"model":"modelengine:lrd_hollow_keeper/big_sword"},{"predicate":{"custom_model_data":168},"model":"modelengine:lrd_hollow_keeper/bone2"},{"predicate":{"custom_model_data":169},"model":"modelengine:lrd_hollow_keeper/bone"},{"predicate":{"custom_model_data":170},"model":"modelengine:lrd_hollow_keeper/pickaxe"},{"predicate":{"custom_model_data":171},"model":"modelengine:lrd_hollow_keeper/bone5"},{"predicate":{"custom_model_data":172},"model":"modelengine:lrd_hollow_keeper/bone4"},{"predicate":{"custom_model_data":173},"model":"modelengine:lrd_hollow_keeper/bone6"},{"predicate":{"custom_model_data":174},"model":"modelengine:lrd_hollow_keeper_ground_fx/rock_1"},{"predicate":{"custom_model_data":175},"model":"modelengine:lrd_hollow_keeper_ground_fx/dust_circle_1"},{"predicate":{"custom_model_data":176},"model":"modelengine:lrd_hollow_keeper_ground_fx/dust_circle_2"},{"predicate":{"custom_model_data":177},"model":"modelengine:lrd_hollow_keeper_ground_fx/rock_4"},{"predicate":{"custom_model_data":178},"model":"modelengine:lrd_hollow_keeper_ground_fx/dust_circle_3"},{"predicate":{"custom_model_data":179},"model":"modelengine:lrd_hollow_keeper_ground_fx/rock_3"},{"predicate":{"custom_model_data":180},"model":"modelengine:lrd_hollow_keeper_ground_fx/rock_2"},{"predicate":{"custom_model_data":181},"model":"modelengine:lrd_hollow_keeper_ground_fx/dust_4"},{"predicate":{"custom_model_data":182},"model":"modelengine:lrd_hollow_keeper_ground_fx/dust_3"},{"predicate":{"custom_model_data":183},"model":"modelengine:lrd_hollow_keeper_ground_fx/dust_2"},{"predicate":{"custom_model_data":184},"model":"modelengine:lrd_hollow_keeper_ground_fx/dust_1"},{"predicate":{"custom_model_data":185},"model":"modelengine:lrd_hollow_keeper_ground_fx/ground_cracks"},{"predicate":{"custom_model_data":186},"model":"modelengine:lrd_hollow_keeper_rocks/rock_1"},{"predicate":{"custom_model_data":187},"model":"modelengine:lrd_hollow_keeper_rocks/rock_5"},{"predicate":{"custom_model_data":188},"model":"modelengine:lrd_hollow_keeper_rocks/dirt"},{"predicate":{"custom_model_data":189},"model":"modelengine:lrd_hollow_keeper_rocks/rock_4"},{"predicate":{"custom_model_data":190},"model":"modelengine:lrd_hollow_keeper_rocks/dirt2"},{"predicate":{"custom_model_data":191},"model":"modelengine:lrd_hollow_keeper_rocks/rock_3"},{"predicate":{"custom_model_data":192},"model":"modelengine:lrd_hollow_keeper_rocks/rock_2"}],"parent":"minecraft:item/generated","textures":{"layer0":"minecraft:item/leather_horse_armor"}}